"team","conf","games","wins","losses","adj_t","adj_o","adj_d","barthag","efg","def_efg","ftr","def_ftr","oreb_rate","dreb_rate","tov_rate","def_tov_rate","two_pt_pct","three_pt_pct","ft_pct","def_two_pt_pct","def_three_pt_pct","def_ft_pct","three_fg_rate","def_three_fg_rate","block_rate","block_rate_allowed","assist_rate","def_assist_rate","wab","year"
"Houston","B12",28,24,4,61.7,124.93204046647,87.88300372084,0.98279634557174,53.1,44.9,27.3,36.2,37.3,28.8,14.8,22,49.3,40.2,73.7,43.2,31.4,69,34.3,44.3,16.6,6.4,47.1,57,7.9875077766369,2025
"Duke","ACC",28,25,3,66.6,126.89543971406,89.859102727029,0.98145591044181,58,44.2,31.6,25.5,34.7,26.2,14.4,17.9,57.6,39.1,77.9,43.3,30.4,70.9,45.3,38.1,9.9,10.1,59.7,53.4,7.0310547947038,2025
"Auburn","SEC",28,26,2,69.2,130.85919643758,93.251144699272,0.98009140148694,55.8,45.3,33.3,38,35.8,29.1,13.1,17.1,56.4,36.7,74.5,45.9,29.5,72.8,40.5,34.3,17.3,7.8,55.5,39,11.693596001707,2025
"Florida","SEC",28,24,4,70,123.98894540342,94.157976622488,0.9594961795907,54.3,44.9,31.6,31,38,28.5,15.1,17.9,55.5,35.1,71.3,45.5,29.2,70.8,43.3,37.4,12.4,8.8,52.4,47.2,6.9227587664867,2025
"Tennessee","SEC",28,23,5,64.7,116.64481538821,88.582570014739,0.95948724116222,52.6,43.6,32.6,27.6,36.7,28.9,16.4,18.9,53.3,34.4,74.6,45.5,27.6,73.5,43,46.2,17.1,9.5,59.9,45.8,7.3854957591468,2025
"Alabama","SEC",28,23,5,75.3,127.37183868957,96.912597743165,0.95863055806488,56.8,47,41,32.7,36.2,29.7,17.3,13.5,60.7,35,72.2,48.2,29.9,70.9,47.4,35,10.4,12.3,54.8,42.3,8.7370934384662,2025
"Arizona","B12",28,19,9,70.9,120.63163609071,94.063085013624,0.9458805589805,52.6,47.4,35.8,28.4,36.8,27.8,16.7,17.5,55.4,31.7,77.4,47.3,31.7,70.4,35.1,42.5,12.2,6.4,59.3,53.4,4.0037439846618,2025
"Texas Tech","B12",28,21,7,66.6,123.19995740682,96.067825800452,0.9458678103951,55.6,47.5,29.9,33.3,35,28.3,15.8,18.3,55,37.6,76.8,46.9,32.4,68.7,42.8,35.3,7.8,7.9,58.4,46.7,3.7590934905038,2025
"Missouri","SEC",28,21,7,69,126.02567541423,99.553714932684,0.93770566335295,56.8,49.5,47.3,33.6,33.2,31.5,15.2,20.8,57.2,37.5,72.2,49.4,33.1,74.7,41.9,38,8,10.5,50.6,47.8,3.7555970938313,2025
"Gonzaga","WCC",30,22,8,71,123.03983059604,97.281849850777,0.93710333954053,56.1,47.5,30.8,29.1,33.4,26,13.5,18.1,58,34.9,80.2,48.6,30.7,73.1,33.8,41.4,8.6,8.4,61.8,48.9,1.2001625418897,2025
"Maryland","B10",28,21,7,70.7,118.42904758376,93.746350236998,0.93630259431247,54.9,47.2,32.7,26.2,31.6,26.3,14.9,19.7,54.6,37,75,47.7,31,73.1,35.8,36.2,11.7,5.7,49.5,48.2,2.7395998477056,2025
"Iowa St.","B12",28,21,7,69.5,118.04395816322,93.44951317923,0.93624390339195,54,48.6,39.6,27,33.3,27.6,16.7,21.7,55.1,34.8,74.7,47.3,33.7,73.1,36,39.1,10.1,9,54,53.7,4.1682642223022,2025
"Wisconsin","B10",28,22,6,68.1,123.93396832971,98.29557030532,0.93495106708898,55.6,48.3,34,27.4,28.4,26.2,14.3,14.9,56.8,36.2,83.3,47.7,32.8,72.8,47.7,39.1,5.7,10.5,54,46.2,5.0371452900723,2025
"Illinois","B10",29,18,11,72.3,120.40970937156,95.759338024291,0.9330312920462,52,46.3,34.7,27,35.6,26.4,15.9,13.1,57.5,30.5,75.6,45.1,32.7,71.4,47,30.2,9.3,8.9,50.8,45.3,1.9513501931533,2025
"Purdue","B10",28,19,9,66.1,122.8442886455,98.191771543284,0.92929728155,56.4,51.7,36,30.3,30.4,29.2,16.1,18.4,56.1,37.9,72.8,56,30.5,71.8,37.7,42.5,5.5,9.2,59.3,56.8,3.6530256830155,2025
"Kentucky","SEC",28,19,9,71.4,124.65220169587,99.655585652094,0.92915523921461,56.4,49.5,33.9,30.8,29.1,26.9,14.8,14.1,56.3,37.6,73.7,53.4,29.7,71.6,42.3,43.9,12.1,8,57,47.5,4.3674325745878,2025
"Kansas","B12",28,19,9,69.3,114.24672793431,91.45673831458,0.92815480826498,53.2,45,23.8,28,29.9,27.6,16.5,16.1,54,34.4,70.5,45.4,29.5,71.3,34.1,40.5,13.6,8.6,61.2,53.8,3.5264843738409,2025
"St. John's","BE",29,25,4,70.7,112.43640407607,90.016389127041,0.92807937016076,49.6,46.3,30.5,30.2,37.7,29.5,15.5,22.1,51.6,30.2,69,44.4,32.8,69.4,31,40.5,16.2,8.5,53.5,56.4,5.4708543062126,2025
"Michigan St.","B10",28,23,5,68.4,116.59366784719,93.365222209416,0.92791034042989,51.2,46,37.5,32.4,36.6,25.3,17,16.6,54.4,29.5,80,48,28.8,71.2,31.9,40.9,13.6,7.6,62.3,53.7,5.984660703991,2025
"BYU","B12",28,20,8,67.9,123.92824048612,99.300077244691,0.92743216999561,57.8,50.9,28.9,29.7,33.2,25.2,17.2,17.8,59.3,37.5,68.8,49.9,34.9,69.7,48.5,44,9.7,7.9,59.6,54,2.6024166388708,2025
"Saint Mary's","WCC",29,25,4,62.9,115.98594253603,93.723729089588,0.92062375963789,51.3,46.3,30.9,24.9,39.6,25.1,14.8,17.3,51.7,33.6,69.3,45.3,32.2,74.8,33.6,31.7,10.7,7.3,58,55,4.2662374254295,2025
"Michigan","B10",28,22,6,70.6,116.56752711805,94.440931283643,0.91839266436654,55.9,46.6,36.3,27.8,33.7,29.5,20.2,16.9,58.9,34.6,72,46.4,31.3,71.3,43.3,37.8,10.2,7,58.4,42.8,5.1089002215259,2025
"Texas A&M","SEC",28,20,8,67.1,114.7157385967,93.097581927653,0.91692666449904,47.8,47.7,40.8,35.5,41.8,27.8,18.2,20.4,48.8,30.6,69.5,46.4,32.7,77,37.9,47.6,14.4,14.5,49.4,66.1,4.4860234584474,2025
"UCLA","B10",28,20,8,65.8,115.44418021763,93.729843628473,0.91654170862373,52.9,49.3,33.6,35.5,32.1,29.6,15.8,23.4,52.8,35.5,70.2,51.4,31.2,75,35.6,45,10.3,6.8,58.9,57.1,2.8173366378165,2025
"Clemson","ACC",28,23,5,64.6,119.29517354472,96.872286751557,0.91639812918961,54.7,49.2,27.6,27.7,33.5,30.9,15.5,20,52.3,38.9,76.9,49.4,32.6,69.2,39.9,38.5,10.6,7.5,54.2,42.8,3.9647440896338,2025
"Louisville","ACC",28,22,6,69.8,117.9282195693,95.764783689235,0.91637497539232,53.3,50.2,34,26.4,32.9,26.4,16.2,19.3,57.5,32.7,74.7,49.6,34.2,70.5,49.4,38.6,8,9.6,52.9,46.4,3.9883538758233,2025
"Marquette","BE",28,21,7,68.4,116.18349303768,95.918770253824,0.90062554732505,51.9,50.2,26.3,29.7,31.2,30.5,13.3,22.7,54.2,32.9,73.2,52.1,31.6,72.3,46.6,41,11.7,9.2,51,60.5,3.6123801356084,2025
"Mississippi","SEC",28,19,9,68.8,115.99016479557,95.907326568959,0.8990229028027,51.6,49.3,35.7,39.6,24.9,30.6,12.8,20.7,51.1,35,73.3,50.4,31.9,69.9,40.9,43.1,14,11.8,55.6,56.8,3.5305640103059,2025
"Baylor","B12",27,15,12,65.9,121.10734845297,100.78702214256,0.89208128059128,52.3,52.4,30.8,33.4,35.1,30.5,16.3,19.1,51.6,35.6,75.4,50.8,36.4,69.4,40.2,40.8,8.7,11.2,54,61.9,1.1099472266072,2025
"West Virginia","B12",28,17,11,65,111.03087587953,92.46732985371,0.89128735062242,50.4,45.8,26,30.7,25.5,30.7,16,19.4,51.5,32.7,73,46.9,29.2,74.8,46.3,36.2,12.1,9.3,56.8,45.7,1.4126357203394,2025
"Mississippi St.","SEC",28,19,9,68.5,117.73798675993,98.122722687666,0.89049345892294,51.6,51.6,31.4,34.6,34.9,29.4,15.5,19.3,55.2,31.2,69.4,48.8,36.8,69.5,42,44.2,14.5,8.7,54.1,54.4,3.6877672992932,2025
"VCU","A10",27,22,5,67.3,114.5569252665,95.907522116553,0.88527959816674,53,44.9,31.4,36.9,36,28.9,16.8,21.2,54.2,34.5,73.8,44.1,30.9,71.5,47.8,34.9,16,7.1,58.1,44.4,0.67251179630784,2025
"Creighton","BE",28,20,8,68.8,115.4475952069,96.887262231596,0.88242417870633,55.6,45.8,29.7,17.9,26.4,27,18.2,11.8,60.4,33.8,74.3,45.3,31.1,72,49.7,35.7,11.3,10.9,63.3,42.4,2.4636286726412,2025
"Georgia","SEC",28,17,11,67.3,114.24989152167,96.3319478418,0.87672359334126,52.3,46.7,39.3,29.1,36.3,32.8,19.3,18.2,53.8,33.1,71.8,48.1,29.7,74.1,36.5,39.9,14.9,9.9,49.6,48.9,0.9933156179904,2025
"Vanderbilt","SEC",28,19,9,70.3,118.69195742048,100.41847659072,0.87243156196007,52.1,52.7,32.9,36.5,32,29.4,14.3,20.4,54,32.9,74.3,51,37,71.4,40.3,37.7,11.5,11.3,50.4,49.4,2.420178801301,2025
"Oregon","B10",28,20,8,68.7,115.72083156999,98.090348155082,0.86998820314154,52.2,50,33.8,27.6,30.5,28.9,15.9,17.9,52.4,34.6,76.3,51.4,31.8,73.5,38.6,38.5,10,8.5,54.5,48.7,4.210479355872,2025
"Connecticut","BE",28,19,9,65,121.78238152946,103.31178046998,0.86893435247443,55.5,48.6,31.8,40.2,35,28.1,17.1,16.1,57.7,35.1,78.5,45.7,36.2,73.3,43.3,33.6,18.1,9.1,65.4,44.5,1.1921461447893,2025
"Utah St.","MWC",28,23,5,68.9,121.75547424471,103.38338951609,0.86773281033091,56.4,51.5,38.3,34,34,29.8,16,20.3,57.9,36.2,69.8,53,33.1,72.1,41.4,44.4,10.2,9.6,62.6,58,2.9558650782972,2025
"Ohio St.","B10",29,16,13,68,115.7038044953,98.258406173337,0.86755094606051,53.7,47.8,35,40.1,28.8,30.2,15.8,17,52.2,37.5,75.2,49.8,29.6,75.2,37,37.4,10.4,8.8,47.9,47.4,-0.28474457562963,2025
"Boise St.","MWC",27,19,8,66.8,116.1135689405,98.726453756064,0.86593463619952,53.2,49.6,39.2,30.5,32.7,22.4,17.1,16.3,56.3,32.5,77.4,49.4,33.3,69.2,40.9,35.5,6.7,10.7,57,44.6,0.17879344229216,2025
"New Mexico","MWC",27,21,6,74,112.72172042555,96.01822781598,0.86347025692906,51.1,49.3,38,35.6,31.8,25.6,16,20.2,50.6,34.6,68.6,47.6,34.8,65.8,32.7,38,14.6,9.9,51.6,60.1,2.490156463763,2025
"Cincinnati","B12",28,17,11,65.8,111.70390791308,95.255599104422,0.86197730345626,51.9,47.8,24.4,24.3,32.6,30,15,19.3,53.1,33.3,66.6,47.3,32.4,76.3,38.1,35.2,11.8,8.3,51,49.9,-0.020102506795252,2025
"SMU","ACC",28,21,7,70.4,118.10585216255,100.9378433676,0.85892356887335,55.2,47.2,36.2,32.7,38,30.7,17.2,17.3,53.9,38.4,72.9,45.8,32.8,74.5,35.9,41,10.6,10,56.2,62.1,0.80551766509246,2025
"Arkansas","SEC",28,17,11,69.7,110.79164582333,94.870493319782,0.85620169966945,52.9,48,34.1,28.5,26.9,28.9,16.3,18.2,54.2,33.8,72.8,48.8,31.1,71.4,36.3,39.8,15.5,6.9,53.5,48.6,0.76679687611046,2025
"Texas","SEC",28,16,12,68,116.27946460902,99.808546443542,0.85277585813184,52.9,48.4,35.2,36.7,30.2,29.1,14.2,17.3,52.4,35.9,75.3,46.9,34.1,69.5,35.7,35.7,11.8,7.8,49,48.4,-0.4277272310085,2025
"North Carolina","ACC",29,18,11,71.8,117.96673060459,101.5362868448,0.84875167150391,53.8,50.1,35.4,30.7,29.5,27.3,15.1,15,55.4,34,73.8,49.1,34.5,75.8,36.3,38.1,9.9,10.1,50.1,48.9,0.73105802312211,2025
"San Diego St.","MWC",25,18,7,66.3,108.03273171899,93.372182969977,0.84252929004127,50.3,44.4,31,37.2,30.9,31,17.2,19.6,51,32.8,68.4,43.7,30.2,70.1,38.5,46.2,18.8,8.2,49.6,51.6,1.5979422998487,2025
"Xavier","BE",28,18,10,69.9,113.55007279074,98.371338760123,0.8389161654314,53.2,49.8,38.7,28.8,25.6,26.2,16.7,17.8,50.6,38.3,79,50.2,32.6,72.2,37.8,35.7,7.3,12,64.1,55.1,-0.36290412835875,2025
"Santa Clara","WCC",30,19,11,69.5,115.97548121686,100.53088735418,0.83801177472608,55.5,49.6,29,32.1,33,27.2,17.2,16.8,54.6,37.7,72.9,51.5,31,71.8,46.4,39.9,8.6,11,58.3,57,-2.4471399510083,2025
"UC San Diego","BW",27,23,4,66.8,113.09071250973,98.10850616559,0.83676278755948,55.4,49.1,34.3,29.6,26.1,27.5,13.8,23.4,56.1,36.4,74.2,47.4,34.1,74.4,48.7,43.7,7.1,9.9,55.1,51.4,0.61362186459526,2025
"Memphis","Amer",28,23,5,71.2,112.93701793854,98.280386985741,0.8318179900358,54.1,48.6,39.1,32.8,33.5,33.5,19,19.5,51.8,39,71.2,48.6,32.4,71.4,34.4,40.3,12.4,9.7,52.3,53.9,3.8467809586702,2025
"Villanova","BE",29,17,12,63.9,119.5982322829,104.10576028031,0.83137500239288,55.2,50.7,27.6,31.6,30.8,28,15.9,16.2,51.3,40.2,81.4,50.2,34.1,68.7,43.5,46.3,7.9,8.4,49.3,61.4,-2.2706985217057,2025
"Nebraska","B10",28,17,11,68.3,111.14188401772,96.864632136488,0.82937034533275,51.7,49.9,36,26,26.3,29.1,16.8,18.2,53.4,32.7,75.5,49.6,33.4,70.8,38.8,46.5,9.6,9.2,53.6,53.5,0.48969873640076,2025
"Oklahoma","SEC",28,17,11,69.2,115.87135360391,101.39083962884,0.82276947613089,54.5,50.6,39.1,35.2,27.4,31.6,17.9,18.6,54.5,36.3,78.7,54.7,29.9,72.9,42.2,41.7,7.4,11.1,52,46.7,0.90452621964408,2025
"North Texas","Amer",25,19,6,61.2,110.0017958047,96.285482655483,0.82223445378876,52,46.7,35.9,38.7,33.3,26.7,17.3,19.8,50.9,35.9,76.8,48.1,29.7,74.3,37.6,38.8,7.8,8.7,45.8,47.8,-0.24161103329168,2025
"Drake","MVC",27,24,3,59.9,112.52123747571,98.527158551798,0.82161270538359,54.5,52.2,42.8,37.2,36,25.5,19,22,54.9,35.9,71,55.1,31.7,72.8,36.5,38.2,7.7,7.6,53.7,45.1,1.8479496203253,2025
"Indiana","B10",28,17,11,69,113.00089870081,99.213316075288,0.81704001688976,52,50.2,34.3,29.6,31.6,28.4,17,16.3,53.8,32.1,71.3,50.6,33.1,71.4,33.2,38.6,8.8,7.9,57.7,51.3,0.34738280288114,2025
"Northwestern","B10",28,15,13,65.8,112.57875404931,98.870580974609,0.81655430378306,50.1,50.3,30.3,36.7,32,29.5,14.6,20.1,49.7,33.8,73.3,50,33.9,74.4,33.6,39,10.4,8.5,54.3,60.8,-2.2699151934347,2025
"Liberty","CUSA",25,20,5,66.2,108.64926357865,95.471365309697,0.81561756274718,57,45.1,30.4,24.9,19.4,27.6,15.7,17.7,56.6,38.3,63.6,47.7,26.7,75.3,47.4,33,7.1,8.8,60.3,38.4,-0.46677556092698,2025
"Arizona St.","B12",28,13,15,69.3,110.93998707498,97.926771550223,0.80765563190494,52,49.1,35.6,29.9,25.4,30.3,18.4,16.9,50.8,35.7,71.7,50,31.8,75.1,44.1,40.1,12.8,11,52.9,53.4,-1.76796940068,2025
"San Francisco","WCC",29,22,7,68.3,110.8240001046,97.876635430427,0.80669995694479,53.4,47.9,36.3,35.5,28.4,28.6,17,18.7,54.9,34.4,71.3,51.6,27.4,69.9,44.8,35.2,9.7,8,52.8,45.3,0.54654922553962,2025
"USC","B10",28,14,14,69.2,115.57870759627,102.24092473351,0.80378592780512,54.8,51.8,36.9,36.8,26.9,30.3,17,17.8,54.8,36.5,73.5,53.7,32.5,76.2,33.7,38.2,8.2,9,56.8,57,-3.3954212326118,2025
"McNeese St.","Slnd",27,21,6,65.8,112.51319903203,99.705214219787,0.80056103008262,53.1,48.6,34.2,33.1,36.1,31,16.9,22.3,53.4,35.1,70.3,48.2,32.6,70.6,37,47.1,11.7,8.6,50.5,55.4,-1.1378219176528,2025
"Kansas St.","B12",28,13,15,68,112.15584074647,99.545243060233,0.7976525102562,51.7,49.5,27.7,29,30.3,33,17.8,18.5,52.1,34.1,67.9,49.7,32.7,74.4,40.7,35.3,9.6,10,59.5,54.5,-3.0474388425861,2025
"George Mason","A10",27,21,6,65.3,104.81746531546,93.174360679359,0.79479912319461,51,44.1,43,30.4,32.3,28.2,19.6,18.2,50.8,34.2,69.9,44.1,29.4,70.2,35.5,44.7,10,10.1,51.9,53.1,0.26984748205056,2025
"Penn St.","B10",29,15,14,70.9,113.82892547017,101.44050016217,0.79002545070846,54,52.5,38.4,29.9,29.2,29.6,17.3,20.4,56,33.6,75.8,52.1,35.5,71.8,36.3,38.3,10.9,8.4,57.6,64.2,-4.0495822158177,2025
"Pittsburgh","ACC",28,16,12,67.1,115.11972761311,102.64245141082,0.7890639841757,52.8,51.1,34.6,31.5,28.8,30.3,14.6,18.2,52.8,35.3,78.4,50,35.1,72.6,40.8,40.7,13.2,7.9,51,52.1,-2.2135478963431,2025
"Colorado St.","MWC",28,19,9,67.1,112.45046411842,100.35643723499,0.78726584918115,54.3,49,30.4,33.7,27,24.5,17.7,16.8,56.5,34.3,77.8,46.9,35.2,66.7,43.2,35.5,8.3,8.6,63.6,46.4,-1.281800849008,2025
"Iowa","B10",28,15,13,71.1,117.84014812344,105.88342087737,0.77388664200768,56.8,54.9,26.8,25.9,25.3,32.2,14.1,18.9,56.9,37.8,70.5,56.6,34.7,69.7,41.1,38.3,11.2,7.5,59.6,53.8,-2.3240877069994,2025
"Yale","Ivy",23,17,6,68.8,114.81981762418,103.2455315733,0.77240172257666,55.7,48.5,32.5,30.8,34.4,25.8,15.1,16.3,54.6,38.6,74.2,46.3,34,75.6,32.5,47.5,11.9,7.2,55.5,59.4,-2.3815333370977,2025
"TCU","B12",28,15,13,67.2,106.46938646521,95.746534214774,0.7721973042762,47.4,51.2,33.2,27.4,32,28.9,17.4,19.5,48.4,30.3,65.3,54.4,31.3,73,35,42.9,9.9,9.2,50.3,63.1,-0.42029396071137,2025
"Utah","B12",28,15,13,69.4,111.21590461432,100.05209576499,0.7714465860054,52.1,47.9,36.5,32.9,33.9,29,18.1,15.7,54.1,33,63.5,46.4,33.3,69.8,43.5,40,10.6,14,67.3,52.7,-1.9866612178329,2025
"UCF","B12",28,15,13,72.4,114.77834737499,103.43486996412,0.76793689588811,49,51.7,36,31.3,32.4,34.4,16.7,18.5,48.6,33.1,77.7,52.4,33.6,74.2,40.6,36.6,10.9,9.6,53.1,52.4,-1.6120471064843,2025
"Rutgers","B10",29,14,15,69.5,115.18525520004,103.80399671561,0.76788884917782,50.9,52.3,36.6,30.2,30.8,31.7,15.6,17.1,51.1,33.8,72.2,52.6,34.6,69.2,36.3,37.5,10,9,48,51.5,-3.053729089533,2025
"Butler","BE",28,13,15,68.2,115.25097150626,104.05942297919,0.76399802081148,53.5,48.4,40.5,22.1,27.8,28.2,17.2,11.2,52.4,36.8,74,50,30.3,74.9,40.2,35.9,7.1,10.5,57.2,47.9,-4.8047946477066,2025
"LSU","SEC",28,14,14,68.9,109.73032968249,99.296901625229,0.75932484363874,52,46.9,32.7,29.6,30.6,34.7,18.6,16.6,55.6,31.4,72.5,46.7,31.5,70,42.8,34.9,12,9.3,49.7,47.7,-2.6678888782232,2025
"Saint Joseph's","A10",28,18,10,69.1,110.02089549165,99.766989904712,0.75492956923644,52.7,46.3,30.3,26.2,29.4,26.6,16.9,16,54,34.1,74.4,46.2,31,75.9,46.2,33.4,13.8,8.6,57.8,51.1,-3.838357451216,2025
"Dayton","A10",27,18,9,66.6,116.17759797414,105.63887784678,0.74905452288699,53.4,51.5,39.4,30.7,29.7,29.5,15.6,18.6,53.3,35.7,75.6,52.5,33.3,74.4,40,41.3,9.7,10.2,59.7,51.8,-1.8257446878921,2025
"Stanford","ACC",28,18,10,67.7,112.76338809612,102.54755689965,0.74877660128225,50.3,50.5,31.6,36.4,31.7,27.1,15.7,17.4,50.4,33.5,78.8,50.3,33.8,75.8,41,33.7,9.4,7.7,53.7,41.4,-2.1383520204041,2025
"Nevada","MWC",28,16,12,64.5,113.07076461824,102.99156832824,0.7453032278815,55.4,51.4,37.9,37.4,28.5,26.5,16.2,19.6,55.4,36.9,69.4,49.1,36.2,71.8,37,45.3,11.9,7.3,59.9,63.2,-4.3220470734506,2025
"St. Bonaventure","A10",28,18,10,64.6,108.79373138743,99.146732455929,0.74417972164364,51.1,49.9,31.4,25.1,27.9,26.2,16.2,18.6,52,32.9,73.1,50.6,32.8,73.3,34.5,47.9,11.7,9.6,42.6,58.5,-3.9539411072303,2025
"Wake Forest","ACC",28,19,9,67.8,107.44961228798,98.030331023636,0.74174699484307,50.6,47.3,37.1,31.1,26.7,31.3,16.8,19.7,54.6,28.8,74.8,48.1,30.9,77.5,35.5,46.1,12.6,6.7,46.4,58.4,0.74167087227161,2025
"UC Irvine","BW",28,23,5,69.8,103.13333943527,94.283030703271,0.7372641491266,50.7,44.8,36,21.7,27.8,26.2,18.4,17.7,49.7,34.9,79.7,42.7,32.2,72.8,35,36.4,9.2,7.1,62,55.4,0.21934575628805,2025
"South Carolina","SEC",28,11,17,66.3,108.66658585992,99.815790889493,0.72651581557099,49.2,51.8,44.2,29.3,31.1,27.4,19,15.6,50.4,31.5,70.7,50.5,36.2,71.1,38.3,34.1,8.2,13.5,54.1,49.6,-4.8966806214308,2025
"Oregon St.","WCC",29,19,10,64.7,114.99962047965,105.85071771223,0.72178619729281,54.8,50.9,38.5,31.5,32.3,26.8,16.9,16.9,54.5,37,79.1,50.5,34.2,71.7,36,41,8.6,7.4,55.4,57.3,-3.1399533177804,2025
"Florida St.","ACC",28,16,12,70.7,108.60380604586,100.08067593392,0.7190780601103,51.4,48.6,40.3,37.8,29.8,31.2,17.4,19.5,53.3,31.8,71.5,48.8,32.2,72.8,33.9,42.7,14.4,6.5,50.9,51,-4.0632958532207,2025
"High Point","BSth",29,24,5,67.5,117.54114879007,108.36446451147,0.71805111525026,56.6,48.8,38.6,37.2,33.3,30.1,15.4,16.4,57.4,36.9,76.8,48.2,33.3,70.3,39.5,35.7,7.2,8.4,46.2,44.4,-1.891910305964,2025
"Grand Canyon","WAC",26,20,6,72.7,106.42731025741,98.323921845125,0.71315176261242,50.5,47,42.5,30.6,32.2,27.7,18.7,20.8,51.5,32.4,73.7,47.5,30.7,73.3,34.6,34.2,12.8,9,52.6,46.6,-2.3800764587253,2025
"Georgetown","BE",28,16,12,69,106.30474903037,98.297975685348,0.71105738928524,50.8,47.9,25.2,29.5,32.5,30,17.8,20.2,53,31.3,70.8,46.5,33.5,76.5,36.7,39.3,11.9,9.5,53.6,53.7,-3.1125094588684,2025
"Arkansas St.","SB",29,20,9,70.4,108.00149283767,99.990451383207,0.7081279083525,49.2,45.6,34.4,37,33.5,30.2,15.5,17.6,50.5,31.7,72.9,46.1,29.7,69,44.2,35.9,11.5,10.1,50.5,50.1,-4.0443961552154,2025
"Notre Dame","ACC",28,12,16,65.5,113.19506215431,105.29989464093,0.69666174284392,52.5,52.2,30.7,30.4,30.6,26.5,16.5,15.2,51.6,36.1,74.9,54.6,32.4,74.6,38,41.2,4.8,9.2,45.5,56.3,-6.7499085131021,2025
"Bradley","MVC",29,22,7,66.9,111.27765839521,103.64347414357,0.69366794676413,57.1,48.4,31.3,35.9,27.1,27.5,17.8,15.6,54.1,40.8,77.3,48.1,32.4,72.2,42.3,43.5,11.5,7.3,53.1,51.1,-1.6989271709527,2025
"Lipscomb","ASun",29,20,9,67.1,109.92594116938,102.40475261043,0.69318419249956,55.7,49.2,30.1,22.1,24,26,14.3,16.2,56.7,36.5,78.4,50.6,31.3,66.1,46.7,37.3,7.2,10,55,39.3,-4.2362333456756,2025
"Virginia","ACC",28,14,14,61.5,111.02434618424,103.55051927463,0.69028113582352,53.1,50.9,27,28.2,22.7,28.5,16.2,15.4,50.7,37.5,75.6,50.2,34.6,75.1,43.4,40.7,10.9,8.6,65.6,49.5,-3.8307912028614,2025
"Minnesota","B10",28,14,14,63.2,109.20281239067,101.93878762255,0.68817360136056,50.1,50.4,32,32.3,30,30.3,16.5,16.6,51.2,32.1,66.7,48.5,35.9,75.7,36.2,34.6,13.3,10.1,62.3,61.7,-3.5741426919707,2025
"Colorado","B12",28,11,17,68,107.15316758536,100.06553164008,0.6871848648683,50.9,50.1,36.2,34.4,29.2,27.7,21.4,16.5,52,32.6,75.5,49.9,33.5,70.9,37.8,39.4,11.1,10.1,59,51.9,-5.1993744006112,2025
"UNLV","MWC",28,15,13,66.5,107.50444819602,100.47238039045,0.68524192250903,50.3,49.7,34.3,32.4,26.8,30.9,16,18.8,50,34,71.3,49.9,32.9,71.5,33.7,43.5,11.6,7.9,48.6,61.8,-4.7165129710074,2025
"Washington St.","WCC",30,17,13,71.1,112.04256470199,105.07184479591,0.67671077733812,56.6,51.6,32.6,31.6,31.6,33,21,17.3,58.3,36.1,70.9,52.2,33.8,71.7,41.7,39,13.1,8.4,57.8,49.6,-4.3292573421464,2025
"Oklahoma St.","B12",28,14,14,71.7,108.11402523838,101.39810073164,0.67645312182153,48.4,54.4,42.7,36.2,31.7,28,18.8,20.5,48.6,32,72.4,55,35.8,71.4,36.1,43.8,8.5,11.3,52.3,55.7,-2.7232621680093,2025
"Providence","BE",28,12,16,67.1,110.94683280406,104.3846989001,0.66843870427771,52.3,48.4,30.4,33.8,32.8,28.9,19,13.6,51.3,35.7,69.1,47.9,32.8,72.2,46.2,36.7,9.8,9.3,50.3,48,-6.083060063248,2025
"UAB","Amer",27,18,9,69.9,116.70158433658,110.00894107641,0.66355396264392,51,51.1,31.8,30.6,39.3,29.7,14.1,15.3,50.6,34.6,75.4,50.2,35.2,73.1,28.9,34.9,10.9,7.3,53.5,47.7,-4.3821860234994,2025
"Akron","MAC",26,20,6,72.6,111.22198111896,105.00547109983,0.65958135778799,54.8,49,25.4,34.2,32.1,28,17.1,17,55.7,35.9,74.2,49.9,31.8,72.6,45.9,38.7,9.8,7.6,59.5,46.1,-2.1037479760179,2025
"Washington","B10",27,12,15,68.7,109.09165734997,103.11945204621,0.6564365742564,51.1,52.2,34.7,36.3,28.3,28.6,17.5,16.9,50.6,34.8,68.7,52.8,34.1,75.4,35.4,34.7,10.4,11.9,49.6,44.9,-3.9170406496613,2025
"Northern Iowa","MVC",29,19,10,66,109.58428786879,103.7438599294,0.65245405216381,56,51.3,35.6,28.9,25.5,25.5,15.8,17.7,56.1,37.2,69.4,50.4,35.1,70,36.2,40.9,9,6.9,52.5,43.8,-4.9087623960468,2025
"North Dakota St.","Sum",28,18,10,65.8,116.30448115461,110.16162029334,0.6511333743337,58.3,51.5,32.4,26.5,26,28.8,15.4,11.2,57,39.6,79.2,51.5,34.4,69.9,54.1,39.5,4.7,9.2,55.4,41.8,-5.350182792606,2025
"Georgia Tech","ACC",28,14,14,69.5,106.19804353152,100.62171504991,0.65028276392763,50.4,49.2,32.6,29.1,29.6,28.7,17.3,15.8,50,34.1,67.9,46.6,35.4,72.3,36.6,40.2,10.1,8.9,55.5,55.1,-5.0653731250171,2025
"South Dakota St.","Sum",27,17,10,69.7,110.87655770187,105.12569229094,0.64851065574622,54.6,50.6,30,29.8,33.9,21.5,17.8,12.6,55.2,35.8,76.4,52.3,32.4,76.1,40,47.6,7.3,7,48.3,46.5,-4.4153929191818,2025
"N.C. State",NA,28,11,17,65.7,108.14246815689,102.7219878446,0.64367899646672,48.5,51,31.5,32.7,29.1,32.9,14.2,19,48.8,32,71.8,51.1,33.9,76.6,35,32.9,10.4,8,49.8,48.4,-7.7582756306786,2025
"St. Thomas","Sum",27,18,9,68.5,115.15472558595,109.40562992827,0.64312754259245,58.5,52.6,33.6,35.8,21.3,31.2,13.8,17.7,58.5,39,77.8,51.5,36,76,45.8,42.1,9.8,9.9,52.2,51.6,-4.4889276222683,2025
"Loyola Chicago","A10",27,18,9,68,107.07237788323,102.07293908368,0.63411238062966,53,48.9,32.6,32.8,29.7,27.9,18,18.3,53.7,34.7,66.7,48.1,33.4,71.3,41.8,39.5,13.5,9.8,60.6,49.8,-3.8796504213552,2025
"Kent St.","MAC",26,17,9,66.3,104.79687037531,100.34977763182,0.6221452131023,49,48.1,29.4,40.8,35.2,28.1,17.2,19.3,51.2,30.2,76.8,48.6,31.5,74.6,38.6,41.5,10.8,8.8,47.8,58.3,-4.518690125649,2025
"Troy","SB",27,17,10,66.6,105.96128702571,101.47007878332,0.62200407487215,50.4,48.3,35.9,28.8,39.4,31.7,20.9,20.2,54.4,30.5,71.4,47.2,33.5,72.6,45.8,37.3,12.2,10.2,57.7,51.9,-4.8187012546518,2025
"Davidson","A10",27,15,12,66,111.84733515387,107.22160065756,0.61909932104152,52.8,51.5,30,28.3,25.5,27.2,14.3,15.2,53.6,34.4,74.5,51.2,34.7,69.2,41.8,39,6.7,8.8,57.2,48.3,-6.6138216365175,2025
"Florida Atlantic","Amer",27,14,13,70.2,112.59535338096,107.97942805104,0.61807528992586,53.5,50.9,32.4,32.3,30,32,16.2,17,53.8,35.3,70.5,47.2,38.4,73.9,40.4,36.3,10.3,8.7,55.9,52.1,-6.4397242249438,2025
"Samford","SC",28,20,8,71.3,110.60136316628,106.09248432124,0.6174275955252,54.6,52,28.2,40.2,35,33.5,18.6,22.2,53.8,37,71.4,53.5,33.4,69.7,46.9,43.3,11.2,10.4,56.7,59.9,-3.3267067017553,2025
"UNC Wilmington","CAA",28,21,7,66.1,112.19127505399,107.62482722548,0.61724466393564,52.3,51.6,37.7,30.5,35.9,28.2,16.4,17.7,53.4,33.5,74.1,51.4,34.6,67.6,36.1,42.4,9.7,9.8,54.9,48.1,-3.3715467830368,2025
"Middle Tennessee","CUSA",26,17,9,68.9,109.12815007746,104.81148620582,0.61399451212213,51,48.6,32.9,30.2,30.5,30.1,16.5,16.3,52.2,32.7,69.2,48.4,32.7,73.6,38,36,11.5,9.5,45.9,49.7,-3.1253660484166,2025
"North Alabama","ASun",29,20,9,67.2,111.33180993786,107.02769429485,0.61145088307035,51.7,50.9,29.6,26.5,33.5,29.4,12.7,16.7,52.1,34.1,71,52.8,32.3,68.3,35.2,43.4,9.3,8.9,42.5,51.7,-4.9755946204027,2025
"New Mexico St.","CUSA",25,12,13,66,103.8520383068,100.05805152618,0.60539393486786,46.2,46.8,33.3,39.2,31.7,28.6,16.1,15.3,46.2,30.8,68.6,49.3,28.9,69.4,37.3,41,6.4,10.1,45.6,51.3,-7.1968821508311,2025
"UTEP","CUSA",25,14,11,68.9,107.2790330987,103.50133581091,0.60162969186053,49.8,51.8,38,41,24.8,32.9,16.6,22.7,48,35.3,71.6,54,32.5,72.2,36,41.3,9.2,9.3,53.5,58.1,-5.5911210187083,2025
"George Washington","A10",28,17,11,68.1,105.7511955639,102.06586035453,0.60058771719384,50,47.9,39.7,27.5,32.1,32.8,18.5,19.6,52.9,30.7,70.1,48.7,31.1,72.3,41.9,38.3,9.1,13.5,55.6,52.9,-5.9828256216767,2025
"DePaul","BE",29,11,18,68,108.17353147631,104.4248852325,0.60002998356584,51.7,51.6,27.6,29,28,28.4,18,15.7,52.7,33.8,70.6,51.2,35,70.1,47.1,35.1,9,10.9,60.3,55.1,-7.9706617314461,2025
"Illinois St.","MVC",29,16,13,66,114.31278773328,110.57184669839,0.59450938603406,57.1,54.6,31.7,31.8,24.9,25.4,15.7,16.3,57,38.1,74.8,54.1,36.9,75.1,47.3,44.4,4.9,8.5,53.5,49.9,-7.4037551620299,2025
"Saint Louis","A10",26,14,12,67.9,106.76202213121,103.32720241505,0.59292447129502,55,47.8,29.8,24.7,24.1,28,18.8,14.4,59.3,33.8,68.5,47,32.6,71.9,49.6,39.4,7.6,12.2,57.6,48.1,-5.4095148062542,2025
"California","ACC",28,12,16,68.2,109.75962554681,106.45879583337,0.58689629233982,48,53,38.5,31.4,35.1,29.7,16.8,16.3,48,32,74.8,51.1,37.9,73.4,38.1,32.4,9.2,10.6,42,44.3,-6.7576751334981,2025
"Cal St. Northridge","BW",26,18,8,72.8,106.27612942496,103.09746352053,0.58642550763223,51.7,49.7,34.7,45.3,35.4,23.9,19.3,21,51.9,34.3,72.4,46.3,35.4,75.5,31.5,50.2,11.5,7.3,56.7,61.8,-3.4330153809394,2025
"Virginia Tech","ACC",28,12,16,65.9,107.46342938346,104.58454764586,0.57744169287316,51.2,52.1,30.5,30.8,32,28.2,19.8,16.1,49.4,35.9,71.8,54.4,32.6,76.1,40.5,42,5.6,9.9,53,55.6,-7.6118277355426,2025
"Western Kentucky","CUSA",26,14,12,73.1,104.29428934564,101.52757955254,0.57668764945254,48.9,47.3,32.6,40.8,23.9,27.6,16,17.2,48.8,32.6,73.1,48.7,30.3,74.7,38.8,44,8.1,11.6,43.6,54.2,-5.971806477907,2025
"Syracuse","ACC",28,12,16,69.1,108.85065904056,106.0693698837,0.57387052851931,50.7,52.3,32.4,31.4,30.9,26.4,17.5,13.7,51.5,32.7,70.1,52.7,34.5,72.5,33,40.1,6.8,9,49,47.6,-6.6325040674713,2025
"Jacksonville St.","CUSA",26,16,10,65.9,108.35294712679,105.60365777646,0.57335690379965,50,48.7,31.1,27.8,30.8,27,16,12.9,49.5,34,76,47.6,33.5,70.1,36.9,42.9,9.8,8.4,42.6,51.4,-4.2612622176489,2025
"Utah Valley","WAC",25,18,7,68.4,104.6767293049,102.12911838906,0.57036682944406,50.1,48.7,39.6,31,30.5,27,16.7,17.3,50.3,33.3,68.4,46.7,35.1,70.6,31.5,34,14.3,9.8,58.6,48.1,-2.7092425294234,2025
"Northern Colorado","BSky",26,18,8,69.8,111.76477197984,109.0464587611,0.57032016388252,57.1,53.1,33,34.2,24.8,22.7,15.2,15.2,58.9,36.1,72.3,52.9,35.6,74,38.3,34.5,6,9.8,53.6,38.4,-3.648564334331,2025
"Appalachian St.","SB",27,15,12,64.2,101.3875022315,99.276495994788,0.56019939546144,50.1,45.9,35,22.8,27.2,28.7,16.7,14.9,49.7,33.8,65.5,47.1,29.4,74.2,41,40.2,8.7,9.8,52.2,49.6,-7.4703333935125,2025
"Louisiana Tech","CUSA",25,15,10,65.2,108.62916033579,106.36773442398,0.5601898032474,52.6,48.6,34,29.5,29.3,28.5,19.4,14.7,54,33.8,75.8,49.1,31.9,70.8,42.3,39.3,11.4,8.8,58.8,50.4,-4.9310010392944,2025
"South Alabama","SB",28,18,10,64,105.83651450486,103.71000214144,0.55809043921968,51.2,48.6,32.7,24,27.3,32.3,14.4,20.6,53.4,32.4,70.2,47.2,33.1,70.4,46.6,59.2,11.3,10.8,57.1,69,-5.6773327028892,2025
"Seattle","WAC",25,9,16,66.8,105.94221083002,103.85045892631,0.55708270304903,48,52.8,40.9,36.4,29.9,26.3,17.3,20.2,47.4,32.6,72.6,53.8,34.2,70.8,37.5,39.5,9,10.5,50.5,56.3,-10.633318149714,2025
"Chattanooga","SC",28,20,8,67.4,113.77664427318,111.57038576776,0.55606043170383,56,51.3,32.3,34,25.9,29.8,15.1,15.7,58.2,35.6,76.4,49.8,35.7,69.5,45.7,40.2,8.2,9.1,62,50.6,-3.2075980898683,2025
"Duquesne","A10",27,11,16,65.5,104.6422391449,102.61347211115,0.55605033457539,49.2,49.3,30.1,41,33,31,17.8,19.7,48.2,33.7,64.2,47.3,35.4,71.3,42.9,35.4,12.6,10.4,55.5,53.6,-10.949190695271,2025
"Wichita St.","Amer",27,16,11,69.4,106.38262376592,104.34723332301,0.55531232803593,49.3,50.3,35,27.3,32.1,28.1,16.5,15.7,51.1,29.9,72.7,49.8,34.1,65.4,28.5,39.8,11.5,10.3,45.9,53,-5.4689379511695,2025
"Tulane","Amer",26,14,12,67.6,106.77983779906,104.82998998936,0.55278659706118,51.5,48.1,36,33.4,27,31.6,16.1,17.8,52.5,33.3,75.2,48.2,32,74.5,40.4,43.2,13.4,9.7,56.8,59.9,-7.5785226424354,2025
"Rhode Island","A10",26,16,10,71.4,106.79322306756,104.98618012523,0.54890714425165,52.5,48.6,42.8,28.8,28.1,28.3,18.2,16.1,53.8,33.6,69.7,50.5,30.5,72.4,37,39,8.9,11.5,52,52.2,-5.3970282594418,2025
"James Madison","SB",28,18,10,65.8,110.00259140546,108.40807977246,0.54188038325408,51.2,50.3,30.2,32.4,31.6,30.1,16.2,15.7,50.2,34.9,76.3,48.9,35.2,71.3,45.2,35.3,8.7,7.5,46.8,41.3,-5.6325785902401,2025
"UC Santa Barbara","BW",27,17,10,65.8,107.64037975475,106.23812364446,0.53762810764378,55.7,48,28.2,30.7,28,28.4,18.5,17.4,52.9,39.3,76.6,49.2,30.7,74.8,45.5,38,7.9,6.7,58.1,45.9,-6.0937045663339,2025
"Kennesaw St.","CUSA",26,13,13,70.9,103.88981232544,102.56726629796,0.53676801125148,48.3,47.7,39.1,42.5,33.3,27.8,20.4,15.7,52.1,29.3,72.1,47.9,31.7,70.1,45.3,37.4,11.5,12,49.5,52.8,-7.630478236756,2025
"Belmont","MVC",29,19,10,71.2,112.84181225823,111.54489601398,0.53318551464478,55.5,55,26.4,26.7,27.1,30,15.5,17.7,53.2,38.9,71.2,55.4,36.3,71.5,45.3,43.3,8.8,10,59.7,55.5,-4.9992245430276,2025
"Furman","SC",27,19,8,66.4,107.3086918815,106.12592076355,0.53182150817172,52.4,48.3,34,28.2,30.5,30.5,17,16.4,52.9,34.6,68.5,48.6,31.9,72.8,51,37.6,9.2,11.8,65.7,48.2,-4.0475354902575,2025
"Wofford","SC",28,14,14,64.7,109.84076309563,108.63794749735,0.53161421547583,52.6,51.5,28.7,34.9,35.3,26.9,17.3,15,54.3,33.8,66.2,51.5,34.3,67.8,47,45.3,8.9,9.8,55.5,48.9,-8.8883937312661,2025
"Loyola Marymount","WCC",29,15,14,67.6,103.25913054957,102.23825247623,0.52853427603767,49.5,48,28.3,28.2,22.7,30.8,15.1,15.5,50,32.5,71.6,48.7,31.1,77.4,40.1,35.7,10.4,6.5,49.6,49.3,-6.3042064366739,2025
"Montana","BSky",26,18,8,67.8,110.56574912319,109.67669617492,0.52319449887587,56,52.8,33.6,31,22.8,30.1,16.3,15.7,56.7,36.5,74.3,53.7,34,75,36.8,35.3,8.5,8.4,50.4,46.8,-2.5584827227914,2025
"Milwaukee","Horz",28,18,10,69.3,106.71576012499,105.94300624492,0.52088213805302,51,51.2,38.6,33,40.9,26.5,19.8,17.9,52.4,31.9,69.1,51.8,33.5,72.9,31.2,38.8,9.4,10.4,47.9,50.8,-5.9138720550356,2025
"Cornell","Ivy",22,12,10,71.6,112.02579975796,111.31929715585,0.51818088925327,56.8,52.9,29.8,31.4,27.1,30,17.7,15.5,59.7,35.7,76,52,36.2,70.2,47.6,37.7,8,7.3,60.1,55.9,-6.6340645136566,2025
"Sam Houston St.","CUSA",25,8,17,68.5,110.00571768534,109.34120393503,0.51741269276603,50.6,52.7,34.8,33.2,30.9,32.3,18.6,17.6,45.9,38.7,72.8,52.6,35.3,71.3,38.2,41.8,8.1,9.2,50.1,53.9,-10.211454348925,2025
"UC Riverside","BW",28,17,11,67.9,108.8931101551,108.35695899696,0.51418663740968,49.3,51.8,27.7,32.9,32.8,28.5,16.1,15.9,48.2,33.9,76.3,52.9,33.3,75.2,41.7,38.4,5.9,8.8,47.8,50.8,-4.0479449909606,2025
"Texas A&M Corpus Chris","Slnd",26,13,13,68.8,106.78900167936,106.40519803337,0.51034999126753,51.9,51.1,37.9,41.2,31.9,31.8,17.6,18.7,52.1,34.3,62.4,50.1,35.2,67.3,28.2,36.8,10.2,12.2,50.5,53.2,-7.5424649124548,2025
"San Jose St.","MWC",28,11,17,66.9,108.46885411675,108.09527661564,0.50991757507353,50.5,52.4,32.2,29.2,27,32.6,16.5,16.6,48.6,35.5,72.7,54.1,32.9,70.5,40.5,35.5,7.6,8.8,50.4,53.6,-9.4028596586842,2025
"Charleston",NA,29,21,8,71.3,105.31175452608,105.01202047448,0.50819364181231,52.2,50.4,34.5,27.5,26.3,28.7,16.1,16.8,52,35,70.9,52.2,31.8,70.2,39.8,39.4,6.1,9.6,58.2,53.9,-3.7104168210874,2025
"Ohio","MAC",27,14,13,71.2,107.3363468195,107.12872134015,0.50556639627349,53.4,52.1,33.5,36.8,24.1,28.9,15.1,18,54.2,34.8,76.6,49.4,38.3,68.6,41.3,33.1,7.7,8.6,50.9,48.7,-8.9413479074822,2025
"Cal Baptist","WAC",27,13,14,67.2,106.83135883859,106.67005257746,0.50434417661622,48.8,51,29.8,34.3,33,29.3,17.5,18,49.9,31.2,75.5,50.6,34.6,69.1,34.8,31,6.9,8.8,45.9,40.9,-9.0468650731492,2025
"Miami OH","MAC",26,19,7,69.8,108.16416374019,108.03528014244,0.50342771078381,55.4,52,29.4,35.4,27.7,29.2,17.5,19.9,54.6,37.6,73.2,52.5,34.2,72.9,43.1,40.4,10.3,9.9,54.5,50.1,-3.1500706679216,2025
"UNC Greensboro","SC",27,16,11,64.2,104.85497957541,104.7870711587,0.50186256336555,50.5,47.5,27.6,32.6,31,30.4,15.5,16.9,47.7,36.1,74,48.1,31.1,72,42.8,43.2,8.6,7.2,49,46.7,-6.5906673495909,2025
"Purdue Fort Wayne",NA,28,17,11,70.4,110.47596321971,110.44401104241,0.50083163531032,55.2,53.9,28.8,29,22.6,32.8,13.4,20.2,54.4,37.4,76.2,56.4,33.4,73.7,45.6,39.7,7.6,9.9,47.4,49.9,-6.8868254394628,2025
"Temple","Amer",28,14,14,69.6,109.5247430291,109.53390769128,0.49975943975142,49.9,50.7,44.1,35.5,32.2,32.3,16,15.6,48.3,35.7,73.6,51,33.5,70.3,31.3,37.1,9.4,10.4,40.3,54.1,-8.7171054193766,2025
"Florida Gulf Coast","ASun",30,17,13,66.1,107.34463046404,107.38045977366,0.4990405486423,54.1,50.5,23.2,28.7,29.9,26.5,16.1,14.4,54.3,35.8,69.5,49,34.9,71.7,38.4,44.2,7.6,8.5,50.8,49.9,-8.1207663393322,2025
"Bryant","AE",27,16,11,73.1,105.952609595,106.1065741103,0.49582533738476,50.6,48.2,30.4,29.4,33,29.9,16.3,16.5,50.6,33.8,71.2,48,32.3,73.9,35.5,37,14.7,5.5,48.3,43,-7.1852762400884,2025
"Rice","Amer",28,13,15,66.2,107.54706272488,107.71014342029,0.49564386034303,49.5,47.8,43.9,35.2,33.8,29.6,17.9,14.1,47.9,34.7,69.1,47.5,32.2,71.4,39.6,36.7,8.7,9.9,50.7,47.7,-10.140954002405,2025
"East Tennessee St.","SC",28,16,12,65.9,105.20751378589,105.37689214084,0.49537526070838,49.8,50.1,33.1,33.6,36.3,29.4,16.4,19,48.5,34.3,66.7,49.4,34.1,67.6,42,40.7,10.7,10.1,50.1,50.9,-8.2208882352169,2025
"Murray St.","MVC",29,14,15,65.4,105.43746226131,105.68730765618,0.49319585756096,49.8,51.7,42.2,35.1,28.8,26.4,16.8,17.3,49.4,33.5,72,52.9,32.7,74.5,39.8,32.4,7.9,10.2,46.9,37.8,-9.1989904107974,2025
"Illinois Chicago","MVC",27,14,13,69.7,107.66679619897,108.05772375264,0.48958157125916,51.6,52,35.7,33.1,30.4,28.2,17.4,16,51.9,34.1,72.3,51.8,35,70.6,39.8,35.5,8,9.9,55.1,57,-7.3591483633118,2025
"Nebraska Omaha","Sum",28,16,12,68.5,110.17771243369,110.63478139585,0.48810006652641,53,54.6,36.7,38.4,29.1,25.7,16.1,15.1,51.7,36.8,73.4,55.2,35.8,72.6,38.5,43.6,7.2,8.5,49.6,52.6,-6.8047527533295,2025
"Radford","BSth",28,16,12,64.1,108.13463449078,108.78366349295,0.48280248451633,50.9,51.1,41.1,38.3,33.7,29.4,17.9,16.8,49.2,36,75.1,49.3,35.7,76.6,36.7,40.9,9.5,9.1,45.5,49.8,-6.7493684056558,2025
"Boston College","ACC",28,12,16,67.1,104.90501586346,105.57133216199,0.48180489283755,49.3,51.3,30.9,37.2,29.1,29.2,17.6,15.4,47.4,35.4,72.1,50.9,34.7,71.4,33,35.7,10.5,7.8,45.6,48.4,-8.2461676155361,2025
"Miami FL","ACC",28,6,22,68.1,113.40258596077,114.33858035151,0.47638549895366,52.2,57.3,27.6,28.5,28.1,29.8,16.2,14.7,55.5,31.5,77.1,56,39.5,74.2,38.9,40.1,9,8.3,47.7,55.9,-12.644585822231,2025
"Norfolk St.","MEAC",25,17,8,67.2,107.2888414834,108.2354176948,0.47476745953008,52,49.8,39.1,34.2,32.9,33.5,18.3,18.8,54,31.4,75.5,49.8,33.1,71,28.9,43.1,9,9.2,48.6,58.7,-3.739796241829,2025
"Southern Illinois","MVC",28,11,17,68.7,105.02825830585,106.00396336897,0.47343977610237,51.4,51.8,34.3,33.2,30.9,28.1,18.7,15.4,50.6,35.3,68.9,50.4,36,72.1,33.7,39.3,8.6,8.8,52.5,52.8,-11.418938081078,2025
"Robert Morris","Horz",30,22,8,68.9,103.8114606017,104.78522071234,0.47318371235092,51,50.1,38.2,30.3,34.9,28.6,18.8,19,50.8,34.2,72.2,49.3,34.4,72.7,36.3,34.9,11.7,9.1,59.3,50.8,-4.4213019547983,2025
"Wyoming","MWC",28,11,17,65.5,103.36738714356,104.41632924131,0.4710049403871,50.8,51.1,31.2,39.8,29,26.8,19.9,15.5,49.1,35.7,65.4,51.9,33.2,71.9,39.7,36.9,8.1,9.8,48.9,47,-8.3501949683849,2025
"Eastern Kentucky","ASun",29,16,13,68.6,108.84594028549,109.97152286368,0.47045657231925,49.9,52.4,25.8,31.3,32.4,32.7,13.9,17.9,48,34.9,77.3,51.8,35.6,71.3,42.6,37.8,9.8,8.7,47.7,49.7,-7.7490881718612,2025
"East Carolina","Amer",26,14,12,67.1,106.87915932159,108.09049657145,0.46764413376926,48.7,51.8,36.3,31.9,34.8,31,15.8,17.8,49.6,31.3,72.6,48.2,38.8,73,35.4,35.6,11.7,8.7,48.7,55.8,-7.6043571643889,2025
"Towson","CAA",29,19,10,64.1,104.07996721011,105.27550359885,0.46721106335984,47.3,49.9,28,30.7,35.2,27.9,14.7,17.6,46.2,32.8,69.1,50.1,33.1,71.7,37.6,39,9.7,8.4,42.1,47.2,-5.1074361395886,2025
"Portland St.","BSky",26,14,12,68.8,102.30844859867,103.74320658737,0.46004689684415,51.1,50.3,34,34.3,33.9,30.8,18.4,19.6,52.2,32.3,64,51.1,32.7,73.6,30.7,38,14.1,8.3,47.5,52.6,-8.4800394795048,2025
"Elon","CAA",28,15,13,65.7,106.45072511725,108.07197910836,0.45665267505293,49.9,47.4,39.3,24,36.8,31,19.2,13.4,50.6,32.6,75.5,46.7,32.2,72.2,41.3,43.5,11.8,8.1,48.2,57.9,-9.0467682533906,2025
"Nicholls St.","Slnd",26,15,11,68.8,105.89017024988,107.51497256645,0.45633192880142,48.3,48.6,33,37.4,30.4,31.6,14.7,16.3,46.1,34.7,68.7,50.4,30.4,71.2,37,37.5,10.4,11.5,41.5,49.5,-5.936927490372,2025
"Lamar","Slnd",26,15,11,66.1,102.55645760771,104.35217132845,0.45026083588465,48.1,48.4,28.8,33.9,35.3,32.8,19,18,44.4,37.2,69.8,48.5,32.1,68.1,32.3,39.9,14,9.6,57.9,56.1,-6.2182008388043,2025
"Jacksonville","ASun",28,16,12,68.5,100.63481521162,102.4074095071,0.44996820956821,50.1,50.8,27.6,33.9,35.2,30.4,19.6,19.3,47,37.4,67.7,50.4,34.2,69.6,34.1,38.8,13.5,9.6,51.1,50.9,-6.8775784350816,2025
"South Florida","Amer",28,12,16,69.1,103.87382372584,105.91696248349,0.44423234893529,50.7,49.3,35,36.8,28,33.6,16.6,18,52.3,32,72.1,49.6,32.6,73.7,38.1,37.1,9.5,9.5,54.6,54.8,-10.208998392655,2025
"Marshall","SB",28,16,12,69.5,104.34619442683,106.43846792623,0.44316958626008,50.6,49.7,35.6,40.5,31.9,29.2,17,17,52.4,32,68.7,50.4,32.1,71.1,40.3,32.5,13.7,8.3,52.6,40.9,-7.9092657237038,2025
"Central Connecticut","NEC",26,20,6,66.6,100.32642994138,102.35511889952,0.44269779629699,52.5,48.3,25.7,18.5,27.1,24.8,17,18,54.6,32.3,73.7,48.5,32,70.4,34.1,42.3,12.1,5.4,50.7,53.1,-3.5657018348676,2025
"Cleveland St.","Horz",27,16,11,66.8,102.93014966838,105.02189213547,0.44241672952855,49.5,51.1,30.7,38.7,34.6,34.2,18.1,22.2,49.9,32.4,71.6,50.8,34.4,71.6,33.1,39.8,13.8,10.4,52.4,56.3,-6.8671321920756,2025
"Southeastern Louisiana","Slnd",27,16,11,68.2,104.10810690699,106.37164195833,0.43847451929004,50.1,51.1,35,38.3,30.6,28.7,17.8,18.7,50.7,32.7,74.7,51.9,33.3,67,32.5,42.2,7.4,10.1,46.8,49.5,-6.9100746952952,2025
"Princeton","Ivy",24,15,9,67.6,104.38926402216,106.67153989454,0.4381393362267,50.8,52.5,25.7,32.7,27.6,25,15.4,17.6,49.1,35.1,70.5,52.7,34.8,74.8,47.5,41.3,5.6,13.4,55.6,49.6,-4.8916521886594,2025
"Northeastern","CAA",30,16,14,68.1,104.53368698666,106.8255071763,0.43797008174959,51.2,50.2,27.4,29.6,31.1,31.3,18.2,17.6,51.4,33.9,69.7,48.8,35.3,69.3,35.2,34.6,12.8,10.1,50.4,48.2,-10.191683856372,2025
"Dartmouth","Ivy",22,11,11,71.7,101.37219831114,103.64622283751,0.43656320503652,51.1,49.5,30.6,23,22.9,24.9,16.3,14.1,49.4,35.3,74.8,52.3,30.1,71.7,47.1,39.4,7.8,9,57.4,52.1,-8.0647576631199,2025
"Brown","Ivy",23,12,11,66.6,104.24403853322,106.71300693813,0.43310440096714,52.5,49.3,28.4,28.8,29.6,31.4,17,15.4,52.8,34.7,64.2,49.5,32.7,70.4,41.2,37.8,14.1,9.9,55.4,46.7,-7.1311070920957,2025
"Drexel","CAA",29,15,14,63.8,101.20874033577,103.64447014604,0.43205155905168,51.6,47.4,23.2,28.4,32.3,29.4,19.1,14.6,52.3,33.7,69,48.1,30.7,69,37,35.4,12,7.2,48.3,49.6,-10.800284884668,2025
"Quinnipiac","MAAC",26,16,10,72.3,101.49444705679,103.9914295361,0.43057621697817,48.4,49.5,30.5,28.7,33.9,26,18,17.6,50.4,30.1,76.2,45.9,36.7,70.4,38,39.1,13.1,11.5,52,60.1,-6.6189890656825,2025
"Montana St.","BSky",28,11,17,66.9,104.6152300524,107.21335726076,0.42993544699657,51.9,49.3,32.9,33.2,21.2,29.2,15.1,15.2,52.7,33.9,72.5,51.1,30.2,77.3,42.9,31.9,8.5,7.5,50.7,46.1,-11.404458710871,2025
"Central Michigan","MAC",24,9,15,68.1,105.11845619383,107.78859005108,0.42837962407918,49.9,53.2,34.4,31.4,32.2,28.5,17.8,17.9,51.2,31.7,73.6,53.2,35.5,69.4,34.3,43.8,7.7,9.1,49.8,55.8,-9.6118727923189,2025
"Wright St.","Horz",28,12,16,68.1,108.30738694182,111.08565132484,0.42769198935371,55.5,52.6,28.5,34.9,27.7,27,17.6,14.4,53.9,38.8,69.5,51.9,35.9,70.2,36.8,35.3,7.7,8.1,50.6,49.8,-12.033894996517,2025
"Merrimack","MAAC",28,15,13,65.4,98.179221466252,100.85203378003,0.42338617303925,48.9,46.7,25.4,30,21.2,38.8,14.3,22.7,49.3,32.3,72.3,47,30.8,70.9,42.7,36.3,10.6,9.1,49.5,60.4,-8.133680558213,2025
"Southeast Missouri St.","OVC",27,17,10,69.4,102.30345370176,105.09492512953,0.42321569386336,52.1,48,28,42.5,24.2,28.2,14.9,18.8,52,34.8,72,49.3,30.2,71.9,35.3,32.6,9.4,7.1,47.7,42.4,-6.800795855402,2025
"Winthrop","BSth",27,17,10,73.4,105.88157110331,108.81221712888,0.42214414395948,52.5,51.5,48.5,37.3,31.1,31.5,17.7,19,55,32.2,66.8,50.1,35.9,72.5,37.5,37.5,8.7,11,42.1,47.1,-5.5409485081839,2025
"Oakland","Horz",29,12,17,64.3,105.45378931847,108.44826809144,0.42018721512956,49.1,51.5,31,27.9,34.3,33.1,18.4,16.3,52.8,29.4,69.6,49.3,36.4,74.3,42.9,41.1,8.6,9.8,48.4,60.8,-10.412763110606,2025
"Texas St.","SB",28,13,15,66.7,108.67038809565,111.76859464098,0.41987667404389,50.7,50.2,35.8,42.3,35,31.1,18.3,16.2,49.3,36.2,76.6,47.5,36.7,71.3,28.6,36,11.2,9.9,53.3,51.4,-10.570222807726,2025
"UTSA","Amer",25,8,17,70.7,106.93839426246,110.01893562168,0.41906930371623,49.2,54.3,28.9,44.4,27.1,35.1,16.2,20.5,46,35.6,81.4,54.1,36.4,73.8,44.4,38,9.4,13.1,47.9,58.9,-11.05754603774,2025
"William & Mary","CAA",28,15,13,71.8,108.75535809736,112.35961667045,0.40734740256605,54.2,53.1,35.2,35.4,26.2,30.8,17.7,17.3,56.5,34.7,72.7,54.6,33.9,72.2,52,41.6,4.4,11,62.2,50.7,-8.6641494433621,2025
"South Carolina St.","MEAC",24,12,12,69.5,101.87988095202,105.29444542608,0.40634129696253,50.7,50.2,43.6,49.4,35,32.1,20.1,22.7,51.3,32.9,68.1,52.2,31.1,69.1,32.9,35.5,9.2,8,54.5,56.6,-8.4547603531789,2025
"UNC Asheville","BSth",25,16,9,68.7,107.54174304294,111.15694500152,0.40606986142324,51.3,53.1,35,40.1,30.1,33.6,14.4,17.9,51.5,34,72.9,54.2,34.2,70.8,34.4,38.8,11.3,5.2,46.1,49.9,-4.6988056212561,2025
"Youngstown St.","Horz",28,17,11,70.2,100.97501023878,104.38340994068,0.40569923364914,49.9,48.3,36.1,35.7,29.2,31.6,17.7,18.2,52.9,30.9,74,48.4,32.1,70.2,45.8,32.2,13.4,8.1,50.1,51.5,-7.5508385217013,2025
"Idaho St.","BSky",24,11,13,66.6,104.92288879629,108.54559630199,0.40362983452521,48.3,53.3,34.7,33.6,37.9,26.7,16.6,17.8,48.1,32.4,73.6,52.2,36.7,69.6,37,38.1,12.7,10.7,49.3,52.5,-8.7786956156225,2025
"Queens","ASun",29,16,13,69.6,104.9948500066,108.62896049985,0.40340257891595,52.7,51.7,33.7,31.7,31,28.6,18.4,15.7,53.3,34.5,69,51.3,34.8,69.2,45,37.6,13.6,10.4,60.2,46.2,-8.0439730479646,2025
"Seton Hall","BE",28,7,21,64.9,98.119032379891,101.58149293444,0.40159586769606,44.7,54.2,33.9,38.2,32.1,30.8,19.1,21.9,43.4,31.7,67.7,54.1,36.1,72.3,30.7,45.2,12.1,10.8,50,58.3,-11.624382546879,2025
"Massachusetts","A10",27,10,17,71.4,101.41196119095,105.06666398052,0.39959665636031,45.2,49.1,34.8,37.2,34.5,31.3,16.3,17.8,46.8,27.6,66.7,48.9,32.9,72.2,31.2,38.7,13.5,8.7,47.6,57.1,-11.041523777236,2025
"Hampton","CAA",27,13,14,66.3,102.49582310267,106.31839811276,0.39625656192694,47.4,52.4,30.4,42.8,33.7,28.1,16.2,18.9,46.4,32.8,72,53.4,33.7,72.4,36.8,36.6,8.5,8.2,43.8,54.2,-9.8774209367187,2025
"Campbell","CAA",28,13,15,66.6,101.46110647151,105.27943236734,0.39535935610348,50.3,51.9,30.8,31.3,24.8,27.4,15.7,19.1,52,32,76.3,55.9,30.1,70,42.2,37.3,8.7,10.3,54.3,51.5,-10.892482172114,2025
"Pepperdine","WCC",29,9,20,70.1,104.93227479989,108.93851924606,0.39391425700716,49.1,52.5,31.3,27.1,27.6,29.3,16.6,15.3,48.4,33.6,71.4,53.6,33.8,76.6,33.8,38.7,7.5,8.6,59.5,51.1,-12.033636211427,2025
"Fordham","A10",27,10,17,70.9,104.89739795652,108.9944721018,0.39159413996114,48.8,52.3,33.2,38.5,31,29.9,18.9,17,49.5,31.9,72.1,52,35.3,70.9,41.7,30.5,8,10.2,52.8,48.9,-10.838096782382,2025
"Missouri St.","MVC",28,7,21,64.8,101.71655948975,105.88852210056,0.38644921529209,51.4,54.6,35,39.1,32.2,28.1,20.8,19.2,50.1,35.8,65,54.8,36.1,70.9,37.1,39.2,8.1,11.8,49.5,53.9,-15.847545298136,2025
"Longwood","BSth",27,14,13,69.7,105.1482204046,109.50860187363,0.38526273594296,51.6,55.6,45.6,37.3,31.5,30.5,18,20.6,52.4,33.3,72.4,58.9,33.8,69.8,33.9,40.5,6.6,7.5,49.7,49.1,-8.750061078388,2025
"Abilene Christian","WAC",25,11,14,69.6,98.490399555708,102.60051718746,0.38457723595973,47.6,51.9,39,52.1,28.7,31.7,20.5,24.1,48.7,29.5,70.7,52.4,34,70.5,25.7,33.3,7.9,10.7,50.4,52.5,-9.1990349932646,2025
"Southern","SWAC",24,15,9,69.6,98.826139976579,102.98482598172,0.38366416726301,47.5,49.3,38.4,42.4,34.8,29,18.6,21.1,47.5,31.7,63.9,48.2,34,70.4,33.6,39.6,12.6,12.7,50.3,59,-4.4820178663175,2025
"Vermont","AE",27,16,11,63.4,98.854660686786,103.01596572014,0.38362671359412,48.5,49,30.1,26.9,25.8,26.4,17,16.6,48.5,32.3,72.1,49.3,32.4,74.3,43.2,39,11.8,11.8,49.9,44.1,-7.1442101285463,2025
"Cal Poly","BW",28,10,18,75.3,106.77494439907,111.39368881986,0.38060176386921,53.7,53.6,27.7,32.4,27.5,33.8,21.4,18.4,56.2,34.1,76.3,54.3,35,75.9,50.5,39.9,5.3,10.2,51.5,49.8,-11.064638151737,2025
"UT Arlington","WAC",26,11,15,68.4,106.87207119566,111.55509517038,0.37914241117999,52.1,50.4,38,33.8,32.4,31.7,19.2,16.4,50.5,36.2,66.9,48.1,36.5,72.9,42.1,35.4,7.8,10.4,54.2,57,-10.418981944896,2025
"La Salle","A10",27,11,16,69.9,102.43598240412,107.04769560864,0.37603333715727,45.5,53.3,31,27.8,30.9,29.3,15.3,17,45.3,30.7,71.8,55.6,33.3,70,33.3,41.4,10.1,8.5,45,55.1,-9.9921023380311,2025
"UT Rio Grande Valley","Slnd",25,10,15,71.4,104.46865286897,109.28055089307,0.37335256146766,51.2,51.9,23.2,30.1,30.7,33.3,19.2,17.9,55.7,31,69.9,53.1,33.1,74.2,48.7,35.7,6.7,7.9,55.9,51.3,-10.061208686152,2025
"Maine","AE",27,15,12,67,100.07660430336,104.72585991985,0.37233405631843,52.4,50.3,26.9,29.7,22.4,32.1,16.2,21.7,50.9,36.7,74.1,49.4,34.6,71.9,34.5,36.4,9.3,6.9,56.6,55.4,-8.6399213660427,2025
"UC Davis","BW",26,13,13,68.1,96.444241376811,100.98280379091,0.37078983023956,46.4,48.5,39,39.4,28.2,34.5,20.1,22.4,45.6,31.9,74,47.1,34,75.4,35.6,37.5,10.2,7.3,47.1,54.7,-7.9176783472166,2025
"Hofstra","CAA",28,11,17,64.6,97.504411470283,102.13824238965,0.36959834790455,48.7,46.5,26,37.7,24.5,29.1,17.8,16.5,48.7,32.5,71.6,43.1,34.4,69.9,42.1,40.4,11.7,8.7,55.3,52.6,-12.227299611085,2025
"Hawaii","BW",26,12,14,66.5,102.24748116407,107.11406286125,0.36941476083796,50.6,49.5,40,34.2,31.4,24.8,20.8,13.5,53.2,30.8,73.8,48.3,34.6,74.4,36.9,33,6.1,8,47.8,41.3,-9.4790677251268,2025
"Indiana St.","MVC",28,11,17,73,106.63422817193,111.88923994999,0.36512082378316,53.9,54.2,35.7,39.3,26.6,27.5,19.8,16.2,55.8,34.7,76.3,54.4,35.9,72.4,50.3,38.6,5.7,11.9,57.5,48.9,-11.558350010659,2025
"South Dakota","Sum",27,14,13,74.9,109.91263354434,115.39190917639,0.3636731193926,50.6,54.6,45.2,34.8,30.3,36.9,12.8,17.5,52.4,31.7,71,55.2,35.7,71.9,37.6,38.8,8,8.4,40.8,51,-8.2795793996117,2025
"Bucknell","Pat",30,16,14,68.4,100.61948778837,105.68355649924,0.3624632981506,53.3,50.3,36.2,33.4,25.9,28,19,17.2,53.9,34.9,66.6,49.8,34,67.4,41.4,40.7,9.1,9.2,52.1,50.3,-9.4847465408149,2025
"Little Rock","OVC",28,16,12,67.5,96.97365469555,102.22353048366,0.35290154896698,49.7,45.7,28.2,37,29.5,35,20.3,21.4,47.6,36.3,70.6,45.6,30.6,71.6,30.3,44.5,16.5,7,52.8,57.5,-8.2960149771875,2025
"Idaho","BSky",27,10,17,67.1,109.28630681639,115.29109132306,0.35089120857493,52.5,54.4,33.5,37.9,29.6,32.6,18.3,15.7,52,35.4,75.9,54.5,36.2,69.2,47.6,38.3,7.5,11.1,48.9,51,-12.457647375762,2025
"Northwestern St.","Slnd",26,11,15,64.8,101.43187860701,107.03350222744,0.35019632899926,48.3,49.8,32.3,32.1,32.9,32.6,20.1,17,47,33.7,68.8,47.1,35.8,70.7,35.1,40.1,12.6,11.9,53.4,51.2,-9.2152637662604,2025
"Richmond","A10",27,8,19,64.6,103.65825456883,109.39348849105,0.34994140595198,48.6,53.2,30.4,35.9,19.7,27.9,15.3,15.6,49.9,31.3,80.7,52.9,35.6,72.8,45.2,48.6,7.3,9,51.2,52,-12.592229797622,2025
"UMKC","Sum",26,8,18,65.3,100.92090856351,106.62992777478,0.3468732936061,48.7,51.7,31.6,35.4,32.6,30.2,18.6,17.3,48,33,77.2,53.7,32.6,72.4,44.6,40.3,9.7,8.1,47.6,47.9,-13.284678488302,2025
"Delaware","CAA",28,10,18,71.3,109.13804414536,115.35743949855,0.34584530730141,54.5,52.8,29.9,32.8,22.3,32.8,16.8,15.9,54,36.9,77.7,51.9,36.4,73.8,40.1,33.4,6.5,9.8,49.7,45.2,-13.92567060111,2025
"Toledo","MAC",27,15,12,69.6,109.20149146591,115.51815076643,0.34373833470271,49.7,55.4,34.3,25.2,29.7,30.8,13.8,15.4,49.3,33.7,74.5,55.7,36.7,72.7,29.3,38.1,7.3,7.7,46.9,46.1,-6.5777815292364,2025
"SIU Edwardsville","OVC",27,16,11,66.8,100.21924768685,106.13347660473,0.34087925877346,48.8,48.2,32.1,33.4,31,29.2,16.7,17.6,47.7,33.8,67.6,46.7,33.7,70,36.7,39.2,11.4,7.7,51,49.1,-7.9400014124245,2025
"Tennessee St.","OVC",27,12,15,71.9,102.13512980102,108.17850717425,0.340495106834,51.3,49.1,41.8,41.4,34.1,30,21.5,17.4,52.7,32.3,68.2,48.6,33.3,68.5,33.7,36.2,9.5,8.2,47.7,47.9,-12.086627840008,2025
"Marist","MAAC",25,20,5,65.1,99.084637989507,105.01844532976,0.33875253582407,51.9,46.8,23.9,33.3,29.8,24.9,18.2,16.3,53.2,33.2,69.6,45.2,33.2,72.1,37.4,35.2,9.3,6.6,55.6,43.9,-3.3870648353287,2025
"Incarnate Word","Slnd",25,11,14,65.1,105.97199033535,112.55048111167,0.33345254265678,51.7,52.6,26,35.3,33.7,30.4,17.7,17.3,50.8,35.4,68,51.5,36.6,70.1,36.6,32,9.8,8.8,45,48.3,-10.199600915024,2025
"Valparaiso","MVC",28,11,17,68.9,105.56883533598,112.15576539084,0.33269017615369,47.9,54.4,36.3,35.2,26.8,29.2,14.2,17.2,48,31.8,78.6,55.4,35.1,71.8,38.7,36.7,9,8.5,43.5,50.1,-11.690295266113,2025
"Northern Arizona","BSky",25,12,13,67.3,103.96808152023,110.78564744993,0.32510634261149,49.8,53.1,29.7,33.2,32.5,23.8,15,14.6,49.4,33.6,66.7,52.3,36.2,71.7,38.9,38.2,3.9,9.3,53.8,52.9,-9.9788891033212,2025
"Cal St. Bakersfield","BW",28,11,17,66.6,105.77343316293,112.98728220528,0.31892365858586,48.6,54.2,36,48,35.1,29.5,18.9,18.7,45.2,38,77.3,54,36.2,74.2,28.4,40.6,8.7,7.3,38.4,51.8,-12.04325474867,2025
"North Dakota","Sum",27,8,19,69.5,108.06735438458,115.45014030111,0.31865348171054,49.3,57.7,33.7,31.9,34.4,28.7,16.1,15.5,49.9,32.3,70,57.8,38.4,73.7,39.5,40.6,7.1,9.5,44.6,47.7,-13.729497157589,2025
"Georgia Southern","SB",29,14,15,70.7,101.88954191978,108.85570036555,0.31852919232008,50.4,49.8,26.9,44.2,32.9,33.1,19.2,18.2,49.2,34.6,65.3,51.1,32,71.5,44.5,41.2,11,11.9,49.9,52.2,-10.430345919059,2025
"Gardner Webb","BSth",28,10,18,70,103.62514316421,110.84121219894,0.31557890765976,52.4,52.3,36.5,37.7,33.2,30,20.7,14.6,53.6,33.4,68.9,54.2,32.8,70.7,34,38.1,8.9,8.7,40.6,51,-13.305903596704,2025
"Sacred Heart","MAAC",26,11,15,71.2,105.53084373083,113.03919646707,0.31208049858879,51.4,52.4,27.7,29.1,30.5,29.5,17.4,17.1,50.1,35.4,73.4,51,36.2,74.6,43.7,43.4,8.6,10.7,60.7,58.7,-12.03810992857,2025
"North Florida","ASun",29,13,16,73,109.18579848953,116.9555938591,0.31205097987884,53.1,53.9,25.1,31.8,28.3,34.6,14.8,14.9,53.9,35,67.9,54.3,35.4,72.8,53.9,31.3,7.1,12.7,53.7,54.8,-10.421985777354,2025
"FIU","CUSA",26,7,19,69.9,96.898412864329,103.81141613239,0.31163270645522,46.9,52.4,35.8,38.8,31.8,29.4,20.2,21.4,48,29.5,70.7,53.1,34.3,72.9,29,39.5,13.7,7.8,48,58.1,-14.320993555944,2025
"American","Pat",28,16,12,64.2,101.72716738959,109.0553126218,0.31003636408643,50.8,52.3,30.3,37.1,24.3,28.1,16.7,17.2,50.8,33.9,76.3,53.1,33.9,69,45,34.5,5.3,9.3,51.9,49.5,-8.3711978185553,2025
"Houston Christian","Slnd",27,10,17,65.5,102.09110961371,109.49660071553,0.30888859017932,49.6,52.9,31,28.9,26.7,31.6,18.1,17.5,49.9,32.9,70.1,55.1,32,70.9,44.1,31.2,9.2,10.1,46.1,43.2,-11.860789288888,2025
"Evansville","MVC",29,10,19,67.5,98.145297414715,105.33697260289,0.30720308291617,49.1,50.2,30.7,35.3,23.2,29.4,17.4,16.6,51.8,30.2,70.3,49.6,34,73.6,41.3,44.6,13.7,7.6,53.7,53.9,-13.268022217727,2025
"Eastern Washington","BSky",27,8,19,68,103.08481438244,110.89478330364,0.30156800236641,51.2,54.6,32,39.3,27.6,33.1,18.7,19.1,52.9,32.4,77.3,53.9,37.1,73.3,38.5,39,8.8,8.6,52.3,55.2,-13.761563949488,2025
"Tulsa","Amer",26,9,17,66.9,100.13081295927,107.74671637729,0.30089982887137,48.8,49.9,33.6,32.4,28.1,30.7,17.2,14.6,50.9,30.7,66.1,50,33.1,68.8,43.1,34.4,6.8,12,54.5,46.8,-12.257050248441,2025
"Ball St.","MAC",25,11,14,67,105.43158662617,113.55110450225,0.29876342121311,52.4,51.8,47.7,32.2,26.7,28.7,16.4,14.1,51.7,35.7,69.8,54.7,31.5,72,37.2,39.6,5.3,8.5,52,53.5,-11.080204156289,2025
"Fresno St.","MWC",28,5,23,72.1,99.650634882328,107.43477669112,0.29630505137907,46.4,54.5,35.7,22.8,26,33.1,18,18.3,45.9,31.5,69.5,56,34.9,71.1,35.5,42.3,8.7,10,45.5,57,-14.315535128357,2025
"Siena","MAAC",28,13,15,67.5,101.61122715082,109.54941303064,0.29628548937369,50.1,51.3,38.1,32.5,28.6,30,17.7,18.4,50.1,33.4,73.7,51.3,34.2,73.5,40.1,34.7,13.2,9.4,47.7,50.1,-11.822011095504,2025
"Georgia St.","SB",29,12,17,70.1,105.58029138779,113.86318957166,0.29555651340884,49.9,51.4,32.9,26.1,32.8,31.6,16.9,12.9,49.4,33.8,68.9,52.5,33.2,72.6,33.9,41.3,7.4,8.5,45.6,53.3,-11.477114422453,2025
"UMass Lowell","AE",26,13,13,69.8,107.82129298914,116.2862074099,0.29542872345387,53.7,51.5,33.3,25,26.3,31.4,17.6,14.5,55.3,33.8,77.5,50,36.2,70.1,34.6,35.1,10.2,9.4,52.1,44.5,-9.7513378971427,2025
"Northern Kentucky","Horz",28,13,15,66.4,99.994159062268,107.88575441656,0.29451569630619,49.3,52.6,31,28.4,30.2,32.6,17.4,19.9,50.3,31.8,65.4,50.7,36.9,73.6,39.9,40.8,9.6,9,54.1,54.8,-10.347492637464,2025
"Presbyterian","BSth",27,10,17,65.2,103.56680922891,112.01788453981,0.28862348389591,51.3,53.1,32.2,39.1,30.1,31.3,16.8,17.7,50,35.8,68.8,53.4,35.1,71.4,34.6,35.4,8.6,8.7,47.4,47.9,-13.020145615448,2025
"Harvard","Ivy",23,9,14,66.6,101.88936842446,110.30326213391,0.28649306125681,50.8,53.1,25.6,24.5,25.5,31.5,18,17.5,53,31.8,76.9,53.6,34.7,76.3,40.5,37.4,7.6,9.6,55,52.2,-10.161719422468,2025
"Portland","WCC",28,10,18,69.2,104.49661074197,113.19617849744,0.28503342517788,49.7,54.6,33.4,22.4,24,29.8,18.1,13.3,49.9,32.9,78,53.3,37.7,73.5,43.6,40.6,7.7,9,61.3,56.8,-10.80332096083,2025
"Charlotte","Amer",27,9,18,65.5,103.70683154567,112.35669795638,0.28469875365301,48.2,54.1,42.5,34.8,24.7,29.2,14.5,14.6,50,30.4,75.4,56.6,33,70.3,40.4,35.1,5.7,10.1,52.6,46.4,-13.308177689941,2025
"Iona","MAAC",28,12,16,69.6,97.397829352089,105.63045586458,0.28228763498366,46.3,52.4,28.1,37.7,38.9,30.7,21.2,23.2,45.8,31.4,68.8,54.7,32.9,74,35.2,43.1,9.4,11.9,56.5,59.9,-13.060520361155,2025
"Mount St. Mary's","MAAC",26,16,10,68.6,99.738281800473,108.20868252707,0.28142817442711,50.6,49.4,33.2,28.3,31.6,29,21.4,16.9,50.9,33.4,72.8,50.2,32.3,72.3,40.3,44.1,8.1,8.5,60.4,51,-6.479663111649,2025
"Columbia","Ivy",22,10,12,71.1,106.11021969619,115.17864991162,0.28028074751236,53,55.9,29.4,25.4,26.6,28.5,15.7,16.9,53.5,34.7,72.6,54,39,71.3,39.2,41.3,5.7,9.9,58.7,64.3,-8.6022778180207,2025
"Stephen F. Austin","Slnd",26,11,15,67.6,94.016592381001,102.05901056976,0.28010943415006,46.9,48.1,33.7,34.5,35.6,33.2,22.7,20.9,49.5,28.3,62.7,47.6,32.7,67.6,35.7,37.1,11.3,9.7,50.9,55.1,-10.636682049634,2025
"Monmouth","CAA",30,12,18,68.3,102.97318356365,111.79036924894,0.27993110851343,47.2,50.9,37.8,35.9,30.1,34.7,16.6,16.6,44.3,35.2,74.3,51.4,33.4,73.1,34.4,41.4,12,9.8,49.1,55.6,-12.718877671881,2025
"Tennessee Martin","OVC",27,10,17,67.8,101.07113054419,109.82100841547,0.27791770024528,47.4,52,35.3,34.2,34.1,30.1,19.6,19.1,48.4,30.9,69.4,52.4,34.4,70.4,47.6,48.3,8,14.2,50,56.8,-13.528025014936,2025
"Manhattan","MAAC",24,12,12,68.5,106.22193857297,115.46362468883,0.277001127101,50.3,50.6,30.9,26.4,32.2,33.1,17.4,15.6,49.8,34,75.2,51.5,32.9,72.7,41.4,41.8,6.9,11.5,57,58.8,-9.2482586849448,2025
"Jackson St.","SWAC",27,10,17,69.7,99.584188121792,108.40454712055,0.27369288439729,46.7,52.6,37.5,32.4,29.4,31.3,19.7,18,46,32,72.7,52.2,35.4,71.9,34.9,41.8,9.7,9.3,49.1,56.5,-9.6831825423149,2025
"Colgate","Pat",29,12,17,67.8,104.25715455578,113.50954469535,0.27332772233492,54,53.6,23.3,26.4,23.9,27.6,16.6,16.2,54.4,35.7,73.4,51.5,37.8,70.1,42,39.9,6.7,10,52,54.5,-13.070899986569,2025
"Bowling Green","MAC",26,10,16,70,101.30612582803,110.38221147677,0.27155957887311,49.9,53.3,34.8,31.1,25.8,28.7,17.1,18.1,49.6,33.7,75.1,55.6,33.3,79,40.5,40.7,9.2,11.8,43.6,54,-12.554195830642,2025
"Mercer","SC",28,10,18,72.1,99.511492500392,108.46780234112,0.27070024791575,49.3,51,29.4,33.4,29.1,29.7,16.8,17.1,50.4,31.8,64.4,49.8,35,71.9,40.3,46,7.8,9.3,45.9,55.3,-13.727604463384,2025
"Pacific","WCC",29,7,22,66.9,101.19362264119,110.49294654896,0.26677765811616,48.3,53.1,31.7,36.8,28.9,28.1,19,15.4,50.4,29.8,72.9,52.9,35.6,76.9,38.3,39.9,7.9,9,49.6,60.8,-14.02292339364,2025
"Southern Utah","WAC",25,9,16,69.4,99.319654345182,108.83422834374,0.25883209208531,47.9,49.9,36.1,33.4,31.6,32,21.9,15.3,48,31.7,73.6,49.9,33.3,68.2,32.5,27.5,8.5,8.3,47.5,49.9,-11.017300806732,2025
"Albany","AE",27,13,14,68.4,101.85720363507,111.86075116962,0.25400711756134,48.8,54.8,30.3,34.7,31.7,29,15.8,20.2,50.5,30.6,73.3,55.8,35.2,75.1,35.1,35,5.2,11.9,44.9,50.9,-11.252349957683,2025
"Tennessee Tech","OVC",28,13,15,68.6,101.3938498551,111.45739743136,0.25194891106188,50.5,49.8,28.8,21.6,25.1,32.2,17.2,15.3,48.6,35.1,70.5,50.8,31.9,74.9,46.1,33.9,6,9.2,59,47.6,-11.157938083879,2025
"Army","Pat",27,14,13,68,102.45660120796,112.65869053907,0.2513132884516,50.6,53.2,25.6,27,26.3,29.2,14.7,15.8,52.4,32,68.2,54.5,34.3,68.7,41.3,42.4,6.4,8.7,51,53.5,-10.059826347594,2025
"Bethune Cookman","SWAC",28,13,15,69.6,97.098333952311,106.79038523183,0.25083717733874,48.7,48.7,35.7,32.5,28.7,30.6,20.1,16.5,49.4,31.6,69.3,49.7,31.5,72.2,33.9,38.1,10.4,10.4,50.6,53.5,-9.1891002775278,2025
"Austin Peay","ASun",29,11,18,66.6,100.68391543234,110.82849958267,0.24899568498279,48.3,53.3,29.5,36.5,25.9,31.7,14.7,16.9,46.5,34,71.3,52,37.2,74.1,41,35.2,7.1,13.6,49.7,51.6,-12.520596707479,2025
"Weber St.","BSky",27,8,19,66.3,101.94049791579,112.34413063725,0.2464677133883,50.4,53.5,34.9,38.1,25.1,30.8,17.5,16.3,51.2,32.7,69.2,52.4,36.6,72.6,37.3,41.9,6.8,9.7,43.2,55.3,-14.580149743182,2025
"San Diego","WCC",29,3,26,71.6,98.975553107539,109.11926999859,0.24563323573748,45.1,53.2,30.4,47.2,29.9,31.8,18.4,18.2,46.5,28.4,74.8,51.2,37.5,72.6,36,38.8,10.3,9.5,45.1,56.3,-18.602254846729,2025
"Denver","Sum",27,7,20,67.2,99.536239242585,109.80267077328,0.24436873733437,50.2,54.3,31.5,49.3,26.5,29.3,18.5,17.4,50.5,33.2,74.1,56.8,33.4,73.7,36.7,37.8,7.1,7.8,44.2,47.6,-15.285597110618,2025
"Western Michigan","MAC",27,9,18,68.6,101.12665661032,111.6100978488,0.24336209551536,46.7,55,31.4,33.7,35.2,27.1,16.2,16.2,49,27.8,67.6,56,35.8,70.2,31.7,41.6,6.8,11,45,58.1,-13.123863506517,2025
"Tarleton St.","WAC",26,9,17,66.4,93.366898569702,103.11130719858,0.24202120437911,46,52.6,42.1,48.6,28.4,34.1,25.5,23.6,44.9,32.9,73.9,53.6,34.1,74,25.5,42,11.5,12.1,47.3,61.4,-10.742981352779,2025
"Navy","Pat",29,11,18,67.7,100.46273390301,111.00773890147,0.24088195912362,47.9,51.9,31.8,33.9,31.2,26.5,16.4,17.3,46.7,33.3,71.3,52.4,34.1,70.1,37.6,41.1,8.1,9.2,52.8,50.3,-15.316463672991,2025
"Air Force","MWC",28,4,24,64.9,99.101345999455,109.61260583623,0.23879311088226,50.4,54.5,36.3,34.7,23.2,29.1,20.6,16.1,50.4,33.5,63.9,53.9,37,69.1,47.6,35.4,8.3,12.4,62,47.7,-17.26358405608,2025
"LIU",NA,28,13,15,65.8,94.096996374278,104.08595882721,0.23862258469342,47.6,48.1,27.9,44,31.2,27.9,20.3,19.3,48.8,30.2,72.7,48.7,31.5,75.4,33.6,40.3,10.7,10.4,45.5,61.6,-11.695115906731,2025
"Louisiana",NA,29,10,19,67.8,99.148560536175,109.68235414672,0.23845922907273,45.9,51.5,30.5,44.5,25.8,35.2,15.9,19.2,44.9,31.6,73.8,53.8,31.6,72.8,37.4,37.3,8.5,11.5,45.1,49.2,-14.114902199665,2025
"Howard","MEAC",24,10,14,69.8,105.98704034091,117.2699267678,0.23805775248966,54.9,53,36.3,38.9,27.1,33.3,21.3,16.4,53.6,38.1,75.9,54.2,33.9,77.9,37.5,35.7,7.1,8.1,58.8,45.4,-9.7826191064289,2025
"Texas Southern","SWAC",25,10,15,70.7,95.38512349388,105.58352844802,0.23718644393605,46.6,48.1,30.1,37.2,29.9,34.4,19.3,20.2,45,32.9,72.8,46.8,33.3,68.3,35.3,42.5,10.7,9.8,53.1,56.9,-10.092873062252,2025
"Oral Roberts","Sum",24,4,20,68.4,104.62451756634,116.02459508696,0.23336998526925,50.4,55.2,35.6,40.3,22.7,32.7,16.1,14,48.6,35,75.8,57.3,34.6,77.1,45.4,39.7,6.9,10.4,39.1,53.7,-14.626720376804,2025
"Charleston Southern","BSth",28,8,20,68.5,99.544959595586,110.59181337182,0.22966182747507,49,53.2,45.4,33.2,30.9,27.7,19.9,13.4,50.7,31.1,66.2,55.4,31.9,69.3,41.9,29.3,6.4,10.9,48.5,42.3,-14.339493388606,2025
"Lafayette","Pat",29,11,18,66.7,97.783419061937,108.65582535201,0.22926811755645,49.9,49.8,30.9,27.9,24.5,28.8,16.6,16.7,49.2,34,69.3,48.3,34.8,74,40.4,37.7,9.8,6.2,58.4,54.5,-14.999859812758,2025
"Alabama St.","SWAC",27,12,15,68.6,101.40920147933,112.8164027317,0.22690404053239,46.8,51.5,30.8,39.3,27.8,32.2,13,18.4,45.9,32,69.1,51.4,34.6,70.9,43.2,40.5,8.2,8.9,43.9,50.9,-10.358588553385,2025
"Penn","Ivy",24,7,17,67.3,102.68918555871,114.33348905459,0.22526454259788,49.1,51.9,28.8,26.4,27.3,30.6,16.2,13.9,49.2,32.6,68.1,50.2,36.4,78.2,44.9,37.4,4.6,10.1,56.3,50.8,-12.244459574675,2025
"Binghamton","AE",26,12,14,66.3,100.3610342622,111.7653278661,0.22483403775812,52.2,49.1,33.4,34,26.9,26.6,19.7,12.5,50.7,36.5,69.8,50.6,31.2,72.5,36.2,39.7,8,11.5,53,46.6,-11.275694796959,2025
"Eastern Michigan","MAC",27,13,14,67.8,101.91025218004,113.63575718866,0.22228232462428,52,54,33.7,37.4,29.3,31.3,18.7,18,52.5,34.1,72.9,52.4,37.7,74.7,38.1,38.5,9.3,8.9,48.7,49.7,-10.743103224035,2025
"Southern Miss","SB",28,8,20,71.7,97.478157978026,108.71833706104,0.2218324260636,48.6,50.7,34.5,35.1,27.6,29.4,19.7,15.9,50.6,30.2,69.3,51.3,33.2,70.4,36.7,38.3,11,9.2,57.7,51.7,-15.18248064805,2025
"Saint Peter's","MAAC",23,9,14,63.9,95.610980849852,106.70272085756,0.22059054220731,45.3,48,34.2,39.1,38.7,31.2,21.4,17.8,43.3,32.3,72.5,47.4,32.7,72.6,39.5,38.5,10.3,12.2,45.7,51.7,-11.611130491926,2025
"Fairleigh Dickinson","NEC",27,9,18,70.1,99.147164888212,110.87136222276,0.21664909913244,49.2,50.6,32.3,31.1,26,32.4,16.7,17.3,49,33,71.6,53.9,29.7,76,41.7,35.5,6.8,9.1,54.7,51.4,-13.889578579546,2025
"Utah Tech","WAC",26,4,22,68.3,102.26772698233,114.49953708316,0.21429442341107,49.5,53.7,34.1,38.9,26.7,33.8,18.3,17.5,48.9,33.6,69,53.8,35.6,71.5,40,32.1,8.4,11.6,51.2,49.9,-16.553312317995,2025
"UMBC","AE",27,10,17,71.5,104.86076230991,117.56946588381,0.21155901786147,55.5,54.1,31.9,27.9,19.6,33.3,16.3,17.7,54.8,37.7,70.9,54.2,35.9,69.3,38.7,34.3,6.2,7.6,50.6,46.4,-13.835461280404,2025
"Saint Francis",NA,26,9,17,68.1,101.13604770535,113.50901323954,0.20960968681454,52,52.3,23.3,29.7,25.8,30.1,19.9,15.6,52.8,34,73,54.6,32.9,74.8,41.9,43.9,6.9,9.7,51.1,52.4,-12.430459074769,2025
"Delaware St.","MEAC",22,10,12,71.1,99.624557837956,111.96975414762,0.20694640415106,48.2,53.1,35.2,40.1,32.9,32.2,17.9,19.6,47.2,34.8,72.4,56.4,32.5,73,20.5,42,5.9,6.8,45.7,58.5,-8.889618230627,2025
"Lehigh","Pat",26,8,18,67.7,99.132453980459,111.48613306522,0.20577255419474,50.5,51,30.8,32.9,20.3,30,15.2,16.2,48,36.5,67.5,52.8,32,74.2,37.6,36.6,5.8,8.6,50.4,48.9,-14.299501419259,2025
"Coastal Carolina","SB",28,8,20,63.8,101.80371626675,114.58728262733,0.20418545539864,50,49.4,34,37.1,28.7,28.5,18.2,10.7,48.1,35.3,69.1,49.5,32.8,73.2,38.6,36.2,4.2,10.6,48.5,42.2,-16.175012595717,2025
"North Carolina Central","MEAC",24,7,17,67.7,102.44593251787,115.31305426869,0.20413827188036,49.7,54.4,37.5,44.5,35,39.5,18.9,21.8,49,34,69.6,57.7,31.9,72,33.8,33.4,6,8.5,54.2,47.3,-13.647661017822,2025
"Boston University","Pat",29,14,15,64,97.56476935339,109.98930705448,0.20125532225305,49.8,52.2,30.8,31.1,32.6,22.9,20.6,16.7,50.6,32.5,66.2,50.7,36.3,74.7,42.5,40.4,8.4,9.6,49.4,53.1,-12.166205729976,2025
"Long Beach St.","BW",27,5,22,65.1,100.82514178382,113.7604509882,0.19970604245207,49.3,53.3,36,35.5,28,35.4,21.4,17.3,47,35.5,75.1,51,38.4,73.5,36,35.8,8.2,8,49.8,48.3,-16.897647318948,2025
"Loyola MD","Pat",27,10,17,67.5,99.770613140672,112.65828630792,0.19827929098742,49.7,52.6,29,28.9,28.8,28.1,17.5,17.1,50.6,32.2,69.2,53,34.5,75.2,39.6,36.2,7.6,7.5,54.6,50.7,-14.293220973487,2025
"Alcorn St.","SWAC",26,8,18,65.9,97.664837175473,110.30145515694,0.19793219872525,45.7,53.1,30.6,31.9,33.7,33.4,20.1,18.2,44.3,32.6,72.4,55.6,33.6,74.1,30.6,47.1,8.6,11.8,43.5,62.4,-12.031941593241,2025
"Stonehill","NEC",28,12,16,66.1,100.19256611049,113.21997300311,0.19690623256314,51,50.4,30.9,33.1,26,29.4,18.1,16.1,49.6,35.2,71.6,50.1,34,73.4,44.7,33.3,7.1,12.9,60.3,40.9,-12.734629425202,2025
"Old Dominion","SB",28,9,19,66.9,100.1354711727,113.31849640817,0.1943009731383,44.5,52.8,31.5,35.5,36.1,32.1,17,15.9,46,27.9,70.8,52.6,35.4,69.3,35.5,35.3,7.9,9.8,43.4,50.1,-14.803957783835,2025
"VMI","SC",26,9,17,69,98.903950471575,111.93684506107,0.19410801462788,48,54.3,37.4,29.3,25.2,32.1,17.9,17.8,48.6,31.6,76.5,57.4,34,66.1,47.3,48.5,8.1,10.8,50.2,67,-13.066547950744,2025
"Niagara","MAAC",26,9,17,65.6,100.75721739332,114.27675285012,0.19031614283001,51.7,53.3,29.6,30.4,23.6,27.2,18.5,17.4,51.9,34.2,73.9,51.7,37.3,79.1,43,39.1,6.7,9.4,50.8,56.4,-13.775310717396,2025
"Holy Cross","Pat",28,11,17,66.6,100.87068471957,114.59701388468,0.18736893886648,52.9,53.2,21.7,24.8,23.3,27.2,18,13.7,49.9,37.9,71.1,54.3,34.3,69.1,42.3,38.5,7.5,7.7,48.2,51.9,-13.484684664454,2025
"Morehead St.","OVC",27,11,16,65,98.325724501571,111.76447570251,0.18645021539744,46,51.2,38.2,34.8,31.3,24.9,18.5,14.6,45.9,30.8,67.4,50.3,35.3,73.9,33.7,33.7,6.5,9.6,47.9,46.4,-12.219245565681,2025
"IU Indy",NA,27,6,21,65.6,107.15191762598,121.84350197411,0.18578519632186,49.6,56.1,35,36.5,30.2,33.3,16,15.9,45.5,36,74.7,56.8,36.7,74.8,48.1,40,6,14.1,54.1,57.8,-16.875037856568,2025
"Lindenwood","OVC",27,11,16,70.1,94.844700519302,108.21319990076,0.17998942825677,45.5,50.9,36.2,35.4,30,31.8,18.4,19.3,48.1,27.2,67.6,50.5,34.4,71,35.4,37.7,9.5,11.3,42.6,50,-12.04081017966,2025
"USC Upstate","BSth",27,3,24,73.5,100.14812628452,114.49664280143,0.17656519172495,50.1,56.3,30,40.7,25.3,31.5,18.8,16.3,52.8,30.2,68,58.5,35.4,71.8,36.2,41,6.2,7.8,48.7,48.1,-19.098204745747,2025
"Rider","MAAC",28,10,18,65.7,99.182520321369,113.40059346784,0.17644871280246,46.5,53,30.9,27.4,31.5,31.2,17.8,16.2,46.6,30.8,71.7,52.7,35.7,68.7,30.4,40.8,9.5,9.1,51.7,55.5,-13.970680947793,2025
"North Carolina A&T","CAA",29,6,23,70.3,98.255513482502,112.34200690967,0.17642923986657,46.4,51.4,30.7,30.5,27.1,31.2,15.2,15.4,47,30.3,68.3,52.7,32.8,76.5,35.5,37.8,8.1,9.1,43.9,57.2,-18.135885528445,2025
"Eastern Illinois","OVC",27,8,19,66.7,93.553811175381,107.0713295125,0.17479439185384,44,51.2,32.7,39.8,29.9,31.1,18.7,20.5,42.6,31.5,68.5,50.9,34.5,71.4,30,44.2,7.6,11.6,46.5,61.5,-14.563231820116,2025
"Green Bay","Horz",29,4,25,69.8,100.1225270083,114.95308669409,0.16959672137904,51.1,54.5,37.7,35.2,17.5,31.8,18.5,14.8,52.4,33.1,78.4,54.3,36.6,68.7,46.3,39.8,5.3,13.7,59.6,53.5,-19.957639289021,2025
"Florida A&M","SWAC",24,10,14,68.1,99.374204168548,114.12558503727,0.16914775433537,49.9,51.1,34.6,38.9,29,33.5,21.9,16,48.7,34.2,71.5,51.5,33.7,69.9,46.4,36.3,8.1,10.7,51.8,48.4,-8.0798883204679,2025
"Grambling St.","SWAC",24,6,18,65,95.833989959409,110.42056709056,0.16392512866742,47.4,51,35.3,30.4,26.4,30.7,19.9,17.9,47.6,31.4,71.8,48.8,36.7,73.1,35.7,35,9,10.9,48.2,52.3,-13.267948036511,2025
"Fairfield","MAAC",26,9,17,66.2,99.8550663866,115.69748936891,0.15531872601958,46.1,54.1,26.4,33,30.2,30.8,15.6,17.4,44.6,32.3,73.4,54.3,35.9,76.8,38.9,36.2,7.6,10.5,52.1,51.4,-14.130893219518,2025
"Southern Indiana","OVC",27,8,19,67.8,98.668162241463,114.32895547594,0.15523062368303,47.9,51.8,31.3,35.3,28,31.6,17.3,16.7,45.5,35.1,73.5,49.9,36.7,67.9,33.5,36.5,7.3,8.3,43.5,46.9,-16.515963731781,2025
"Mercyhurst","NEC",28,12,16,65.3,99.389068619469,115.23444112358,0.15431445169005,48.6,55,30.9,38.3,22.2,33.3,16.4,20.3,45.8,35.7,80.7,56,35.7,71.3,36.4,39.8,6,8.2,57.8,55.5,-12.486743880249,2025
"Stony Brook","CAA",29,6,23,65.4,100.8168191154,117.2652549231,0.14956294888384,47.2,55.9,31.4,28.5,29.4,31.6,18.7,14.9,45.3,33.4,75.9,56.8,36.4,68.9,39.2,41.9,6.1,11.1,49.5,58.9,-18.5047838056,2025
"Texas A&M Commerce","Slnd",29,4,25,68.3,95.374486961507,111.40669549002,0.14346210197847,49.2,53.8,28.3,36.4,28,36.2,22.9,19.9,51.4,31.2,64.6,53.1,36.8,70.2,48.9,34.4,10,13.3,60.8,59.4,-19.19194839706,2025
"Wagner","NEC",24,10,14,60.9,93.344607580873,109.3263803481,0.13973945653089,44,50.6,30.1,40.7,31.4,25.4,19.3,18.3,40.8,32.8,71.8,51.3,33.1,72.6,37.4,43,4.8,10.1,55.1,57.2,-11.086383915591,2025
"Detroit Mercy",NA,29,7,22,67.4,94.361262590772,110.75871076987,0.13674770116027,45.1,50.5,28.5,39.8,31.9,30.3,18.5,15.7,43.3,33.2,73.7,51.7,32.8,71.7,28,47.3,8,9.1,44,58.6,-17.363363660909,2025
"Morgan St.","MEAC",23,7,16,71.1,101.66622030738,119.37320513614,0.13629187646911,48.9,53.6,34.9,40.4,34.2,37.4,17.6,16.5,49.6,30.9,71.6,52.7,36.9,67.9,21.8,34.7,10.5,8.3,44.1,54.9,-12.63507299555,2025
"Bellarmine","ASun",29,3,26,67,102.95670059307,120.97021812941,0.13537906308942,53.7,58.1,26.5,34.9,20.2,30,17.4,15.4,53.9,35.6,76.6,57.8,39,76.2,43.2,47.4,5.6,7.4,52.4,55.8,-21.139365385036,2025
"Le Moyne","NEC",28,7,21,69.4,101.18246447623,119.0543489305,0.13348060318711,51.3,54.2,37.8,36.3,25.1,32.9,19.7,16.3,53.2,32.5,71.7,54.2,36.1,72.3,41.9,41,5.8,9.2,55.4,56.5,-17.308991081386,2025
"West Georgia","ASun",30,5,25,68.8,97.215698879901,114.477230502,0.13243448795455,47.2,56.1,28.8,36.3,26.1,29.2,16.2,16.6,48.4,29.7,69,56.9,36.8,71.9,30.1,43.7,9.3,7.5,51.2,57.3,-20.136992453228,2025
"New Orleans","Slnd",29,4,25,70,98.376804606946,115.95762780333,0.13115012954379,46.1,54.3,34.4,26.9,31.2,36,18.9,16.3,46.1,30.7,66.6,54.4,36.2,71.5,30.9,42,7.2,11.4,50.6,57.9,-18.233911038218,2025
"Western Illinois","OVC",28,9,19,65.1,99.205872910073,116.96437455972,0.1308197510184,50.1,51.1,27.2,30.6,28.1,31.8,18.2,14.4,46.7,37.3,69.2,50.2,35.1,73.8,37.2,34.8,9.2,7.5,39.2,47.6,-16.206619481422,2025
"Western Carolina","SC",25,5,20,71.6,94.97868930339,112.03262230369,0.1302124209506,45.3,51.6,27.1,33.5,26.5,29.8,19.6,13.9,46.4,29.5,74.4,53.6,32.7,74.4,48.2,44.4,8.6,9,48,53.6,-14.710370589431,2025
"Louisiana Monroe","SB",28,5,23,68.9,95.486501897479,112.7132882279,0.1292712158164,44.7,53.5,31.5,25.8,29.5,32.1,17.3,16.5,43.1,31.7,70.8,55.8,33.8,71,34.1,45,6.9,10,51.1,58.4,-18.898371398935,2025
"Sacramento St.","BSky",26,4,22,66.2,94.375267812163,112.07469712147,0.12167156874208,48.2,54.1,32,40.4,27.4,27.8,20.5,17.1,49,31.4,67.6,54.4,35.9,72.1,45.5,46.4,9.7,10.9,53,58.6,-18.090550353656,2025
"Cal St. Fullerton","BW",27,4,23,68.7,94.571487846879,112.42210777518,0.12042596347586,44.3,53.7,40.3,35.8,26.5,30.9,20.9,16.8,46.4,26.7,74.2,55.7,34.1,75,33.3,44.5,5.9,10.1,41.4,56,-17.182177472867,2025
"Buffalo","MAC",26,6,20,71.9,94.546733953574,112.51995992645,0.11905408747485,48.1,53.8,33.9,32,24.3,31.6,19.6,16.5,50.7,29.8,69.3,53.2,36.5,72.3,44.1,35.5,8.7,10.6,53.3,52,-15.738409402236,2025
"Central Arkansas","ASun",29,6,23,67,97.251390659244,115.99310792067,0.11643186405604,47.4,56.7,29,23.1,29.4,30.6,18.6,16.8,49.1,30.3,70.5,55.3,38.6,72.1,47.4,52.1,8.3,12.9,56.6,61.5,-17.575561542737,2025
"Canisius","MAAC",27,3,24,66.9,101.3869075063,121.09967776158,0.11474075275547,51.9,57.2,24.1,32,18.4,34.6,18.6,16.6,48.8,37.6,75.7,59,36.3,75.8,40.9,41,6.8,9.7,48.1,59.9,-19.47462734376,2025
"Prairie View A&M","SWAC",27,4,23,71.4,97.449315474175,116.66540942373,0.11207256986257,48.4,56.1,34,42.4,23.8,39.1,16.9,20.2,48.4,32.2,70.5,58.1,34.6,69.5,33.4,33,7.9,9.1,47.4,51.5,-17.584985889292,2025
"Stetson","ASun",29,6,23,68.2,99.379574292616,119.0296533372,0.11156049653432,50,53.2,33.8,27.5,24.3,34.8,18.7,13.2,50.3,33,73.9,51.9,36.7,75.1,37.4,41,7.8,8.5,44.4,55.6,-18.281630937198,2025
"NJIT","AE",28,4,24,66.9,93.254183492752,112.02395587163,0.10823344916484,44.9,49.8,26.9,38.3,27.8,31.3,17.8,13.5,44.6,30.3,74.1,51.5,31.1,68.4,37.4,34.8,9.4,9.9,42.9,50.3,-20.48584562008,2025
"Alabama A&M","SWAC",25,7,18,72.2,94.184126942968,113.31138123781,0.1065751890204,45.5,53.6,39.3,48.8,35.1,35.6,21.9,21.7,45.1,30.7,67.2,51.3,38.2,69,41.8,37.9,10.7,8.1,53.3,58.9,-15.107989453962,2025
"Northern Illinois","MAC",25,2,23,69.9,93.391306400888,112.6046204233,0.1041937875199,46.7,53.5,31.7,42.9,17.5,30.9,15.9,16.6,45.5,32.1,71.6,51.8,37.5,72.6,48.2,38.5,9.7,9.4,51.2,55.2,-19.209629770252,2025
"New Hampshire","AE",28,6,22,68.3,93.406916866924,115.24884252045,0.081925010159851,47.7,54.4,26.6,33.4,27.9,31.1,19.1,16.7,47,32.4,65.6,56.2,34.4,70.7,40.7,39.7,6.8,12.1,46.4,53.9,-18.690419521338,2025
"The Citadel","SC",24,1,23,65.3,93.408858549255,116.43107172725,0.073535843205769,47,53.6,32.3,33.2,26.6,32.5,19.6,15,49.4,29.5,63.4,55.5,34,74.8,45.8,43.3,5.9,11.1,52.9,54.3,-19.413788074381,2025
"Chicago St.","NEC",30,4,26,69.6,91.662355612203,114.46723397917,0.072089048332781,44,55.2,27.6,38,23,33.1,18.6,18.4,43.4,29.9,70.1,55.7,36.3,72.3,41.2,40,10.1,8.6,48.5,58.6,-19.843064040322,2025
"Maryland Eastern Shore","MEAC",23,1,22,67.6,93.993442420094,117.89248980824,0.068797906712096,44.6,55.6,36.3,39.3,25.4,34.7,19.7,15.3,45.1,29.3,65.9,58.7,34,70.7,36.6,39.2,5.5,8.6,43.4,57.7,-16.560039901695,2025
"Arkansas Pine Bluff","SWAC",26,3,23,73.1,95.233938128145,122.39695192822,0.052863474888257,49.5,56.9,32.4,41.7,26,34.9,20.7,16.6,52.2,30.1,59.4,59.5,35.9,69.9,38.2,45.6,6.2,9.5,51.6,60.8,-18.056172964255,2025
"Coppin St.","MEAC",25,4,21,69.2,86.628028587036,111.98029812584,0.049639968676829,42.5,56.3,37.7,38,26.6,32.9,21.8,20.1,42.8,27.9,67.8,58.2,35.8,70.7,32.3,41.2,4.8,13.8,50.2,59,-16.007308216407,2025
"Mississippi Valley St.","SWAC",26,1,25,65.6,82.242937629743,125.50855062653,0.0076831851963563,41.1,58.2,30.9,37.7,23.1,38.7,24.9,15,41.5,26.9,66.7,59.2,37.8,68.8,30,40.7,4.8,10.7,40.9,55.1,-17.978933907617,2025
