team,conf,games,wins,losses,adj_t,adj_o,adj_d,barthag,efg,def_efg,ftr,def_ftr,oreb_rate,dreb_rate,tov_rate,def_tov_rate,two_pt_pct,three_pt_pct,ft_pct,def_two_pt_pct,def_three_pt_pct,def_ft_pct,three_fg_rate,def_three_fg_rate,block_rate,block_rate_allowed,assist_rate,def_assist_rate,wab,year
Connecticut,BE,31,28,3,69.0257,128.632,73.5894,0.998378,58.2,41.4,17.5,17.7,31.9,25.7,15.8,27.8,58.5,38.4,76,38.9,30.1,NA,36.4,39.5,0,0,66.7,57.6,9.46005,2025
South Carolina,SEC,31,28,3,69.6593,123.191,73.8805,0.997213,51.1,39.3,26.4,20,39.6,31,16.9,23.4,51.4,33.5,76.1,37.4,29.3,NA,26.9,28.3,0,0,54.3,52.1,14.4926,2025
Texas,SEC,32,30,2,69.2255,120.99,74.771,0.996068,49.5,41.7,34.7,33.4,44.1,29.8,18.4,30,50.3,30.5,75.3,41.7,27.9,NA,16.9,25.1,0,0,55.4,47.6,13.3984,2025
Notre Dame,ACC,30,26,4,74.8649,118.245,74.2626,0.995271,54.7,40.3,24.2,20.8,35.1,27,19.8,23.8,52.5,40,77.2,40.2,26.9,NA,28.2,30.7,0,0,53.9,46.8,10.4718,2025
UCLA,B10,30,28,2,69.3297,120.325,76.7553,0.994348,53.3,39.9,25.4,22.7,41.7,26,21.1,21.5,56.2,31.7,72.2,38.1,29,NA,33.7,33.3,0,0,67.8,54.4,12.4911,2025
USC,B10,29,27,2,73.8592,116.2,74.2178,0.994266,50.1,39.9,32.8,26.8,36.5,27.6,19.5,25.8,50.6,32.7,77.1,38.9,28.2,NA,32.4,29.4,0,0,59.7,59,12.3132,2025
Duke,ACC,31,24,7,68.9653,111.704,74.4364,0.990696,49.6,43.5,24.7,27.8,40.6,30.2,20.8,29.4,49,34.3,67.8,42.8,30.1,NA,27,27.1,0,0,59.1,50.5,8.21778,2025
TCU,B12,32,29,3,66.3263,122.461,83.3839,0.988108,55.5,41.3,23.4,24.8,33.9,25.2,17.2,20.1,54.8,37.7,74.1,38.4,32.7,NA,42.3,27.1,0,0,66,49.1,8.724,2025
West Virginia,B12,30,24,6,70.7372,110.42,75.2845,0.987928,50.8,44.3,30.7,28.3,36.5,29.4,21.7,33.5,51.7,32.8,75.5,44,29.9,NA,36,34.7,0,0,49.8,54.2,4.74606,2025
Oklahoma,SEC,31,25,6,78.258,113.167,78.7782,0.984717,52.6,42.1,28.9,25.9,37.4,25,23.5,21.1,55.3,32.2,71.9,41,29.5,NA,38.4,33.7,0,0,69.6,53.2,8.14133,2025
Ohio St.,B10,29,24,5,73.245,112.683,78.7265,0.984077,50.7,45.4,31.3,26.4,29.6,31.1,16.7,29.4,50.5,34,69,45.5,30.1,NA,29.8,33.8,0,0,49.9,53.8,6.74495,2025
Kansas St.,B12,33,26,7,69.8876,117.022,81.7803,0.984027,55.8,41.3,23.1,21.3,30.4,25.3,18.1,21.6,54.5,38.8,71.6,40.3,29,NA,35.3,32.1,0,0,70.6,49.1,4.98644,2025
Kentucky,SEC,29,22,7,69.3231,114.434,80.1007,0.983733,51.6,39.4,23.2,25.6,29.1,30.1,18.5,18.1,54.4,31.7,78.3,39.6,26,NA,40.3,28.8,0,0,59.5,51.1,6.17832,2025
LSU,SEC,31,27,4,73.5635,115.207,80.8109,0.983342,49.2,41.9,31.8,26.5,43.5,29.9,19.3,23.4,48.9,33.6,73.6,42.8,27,NA,20.9,36.7,0,0,46.8,49.2,8.60611,2025
Mississippi,SEC,30,20,10,68.0866,113.938,79.9585,0.983253,48.3,45.2,32.3,31.9,41.6,28.8,19.5,29.8,49,30.9,70.4,44.7,31.2,NA,26.8,24.6,0,0,60.6,54,4.52302,2025
Alabama,SEC,30,23,7,69.4876,115.906,81.9593,0.981755,53.8,41.9,28,26.9,32.4,31.1,19.7,23.2,51.1,39.1,68.5,41.8,28.1,NA,36.2,29.3,0,0,53.3,53.1,5.52349,2025
Baylor,B12,32,26,6,70.7881,113.59,80.4618,0.981391,51.1,42.3,27.5,29,37.1,25.5,18.8,24.2,50.4,35,66.1,42.6,27.9,NA,34.5,29.8,0,0,64,51.4,6.1014,2025
N.C. State,NA,30,25,5,71.0398,117.123,83.5915,0.979743,50.5,44,25.9,17.3,30.8,26.6,16.2,19.2,51.1,32.9,67.5,43.6,29.8,NA,32,35.7,0,0,47.4,45.7,8.64755,2025
North Carolina,ACC,33,27,6,68.0749,108.481,77.5646,0.979323,49.1,41.6,24.2,23.7,31.5,27.5,18.4,24,47.8,34.3,66.7,39.4,30.7,NA,35.5,33.2,0,0,54,51,8.24614,2025
Iowa,B10,31,22,9,69.464,112.857,80.9413,0.978597,52.8,46.2,30.8,25.3,32,24.5,22.2,21.8,53.1,34.8,72.1,43.3,34,NA,35.6,38.3,0,0,65.3,56.1,5.79692,2025
Tennessee,SEC,31,22,9,76.8812,115.969,83.7591,0.976839,50.6,47.9,22.8,31.2,39.3,31.6,18.2,28.2,51.8,32.6,68.9,50,28.5,NA,41.4,29,0,0,47.6,53.1,5.53474,2025
Michigan,B10,31,22,9,71.5591,114.259,82.5598,0.976725,51.7,46,27.9,28.5,34.3,27.5,20.9,24.6,50.6,35.9,74.2,47.4,28.9,NA,33.3,35.1,0,0,55.6,54.1,5.6508,2025
Michigan St.,B10,30,21,9,73.699,111.856,81.925,0.972912,50.2,45.2,33.5,34.6,33.5,30.2,20,29.2,50,33.7,72.9,44.2,31.6,NA,32.3,32.2,0,0,64.1,63.6,4.63659,2025
Maryland,B10,30,23,7,71.9145,118.728,87.4166,0.971271,51.6,46.7,36.6,27.4,39,29.1,22.1,21.6,51,35.4,75.9,45.7,32.4,NA,28.2,33.8,0,0,51.7,56.2,7.41496,2025
Vanderbilt,SEC,32,22,10,72.45,118.498,87.4989,0.970332,50.3,48.5,28.2,23.7,37.6,35.5,18.4,27.8,50.1,33.9,78.4,50.3,29.9,NA,30.7,32.1,0,0,54,53.4,4.05381,2025
Illinois,B10,30,21,9,67.0259,112.166,83.141,0.96904,48.4,44.5,31.9,23.4,30.5,25.7,18.1,19.8,47.1,34.5,79.4,45.3,28.4,NA,28.4,29.4,0,0,58,53.2,3.46468,2025
Oklahoma St.,B12,29,24,5,70.9727,107.163,79.7504,0.967633,52.3,40.8,31,26.2,33.9,25.4,20.6,22.9,52.7,34.5,70.5,41.7,26.2,NA,38.6,35,0,0,50.4,49,4.48447,2025
Indiana,B10,31,19,12,68.0116,110.503,82.6848,0.965612,52.3,45.9,28.8,26.5,22.6,25.2,20.6,20.1,50.5,36.7,78.9,45.2,31.8,NA,38.8,29.4,0,0,66.4,54.4,2.82542,2025
Florida St.,ACC,31,23,8,75.959,116.974,87.6377,0.965126,50.6,45.7,27.1,23.8,30.9,30.7,14.2,21.4,49.9,34.7,79.1,45.2,31.4,NA,35.2,26.9,0,0,42.4,53.9,4.48867,2025
Utah,B12,30,22,8,69.5318,112.941,85.0577,0.963053,55,46.5,27.1,23.1,31.2,24.7,22.6,24,54.4,37.1,75.5,44.8,33.4,NA,45.7,32.8,0,0,67.8,55.3,3.7611,2025
California,ACC,33,25,8,70.0684,111.347,83.9847,0.962427,53.5,43.6,27.9,25.7,32.7,28.7,25.1,20.3,54.1,35.2,72.1,41.6,32.9,NA,43.6,25.6,0,0,58.2,44,5.05388,2025
Iowa St.,B12,33,22,11,70.4151,116.065,87.8012,0.961184,54.4,46.3,34,23.1,26.4,22.6,20,18.6,54.7,36,73,42.3,34.9,NA,39.4,39.5,0,0,70.6,53,2.18369,2025
Georgia Tech,ACC,32,22,10,69.5593,113.828,86.2532,0.960462,50.2,46,20.5,19.1,34.1,26.7,16.7,21.5,51.5,32.1,75.6,46.8,29.2,NA,37.3,28.6,0,0,60.2,52.7,2.55647,2025
Louisville,ACC,31,21,10,68.6149,111.296,84.3931,0.960156,47.8,49.4,27.5,31.4,38.1,31.4,22.2,26.3,47.8,32,71.3,49.4,33,NA,29.8,32.1,0,0,53.9,53,5.24359,2025
Mississippi St.,SEC,32,21,11,70.7516,111.268,84.9034,0.957302,51.4,43.7,25.5,26.3,37.5,28.1,23,23.5,52.4,33,71.3,42.4,30.7,NA,32.6,35.6,0,0,52.8,55.9,2.43885,2025
Creighton,BE,29,24,5,68.08,115.458,88.3961,0.955699,53,47.4,18.4,21.4,25.5,26.3,16.5,20.3,51.7,36.6,80.1,47.8,30.9,NA,42,28,0,0,63.7,55.5,5.11908,2025
Richmond,A10,32,27,5,65.72,113.602,87.7571,0.951131,58.3,44,25.6,14.9,29,28.8,22.1,23.2,58.9,38.5,76.3,43.3,30,NA,46.4,40.2,0,0,66.9,51.9,2.75862,2025
Minnesota,B10,31,20,11,67.3206,111.571,86.3993,0.949804,48.8,46.5,25.6,23.6,33.5,25.1,16.2,22.6,49.3,31.8,75.2,45.6,32,NA,33.2,35,0,0,57.9,60.8,0.172377,2025
Washington,B10,32,19,13,66.4615,114.618,89.1679,0.947222,54.4,45.9,16.6,22.9,33.3,31.6,22,20.8,53.6,37.3,79,45.3,31.4,NA,35.6,27.9,0,0,50.8,50.1,0.82544,2025
Nebraska,B10,32,21,11,69.2382,115.818,90.2178,0.946477,51.9,47.5,29.3,25.7,33.6,27.6,20.3,19.5,49.6,37.3,73.9,46.6,32.7,NA,36.6,34.2,0,0,65.7,56.7,3.22405,2025
Oregon,B10,30,19,11,68.2828,104.585,81.5452,0.945919,46.8,46.1,26,24.8,30.5,30.7,19,25.3,47.4,30.1,69.7,44,33.7,NA,27.7,32.7,0,0,55.8,55.4,3.14193,2025
Columbia,Ivy,26,21,5,68.6758,109.565,87.2047,0.932453,49.6,46.1,24.8,23,43.2,28.4,20.2,26.9,52.1,30.5,61.1,46.7,29.8,NA,39.1,34,0,0,60.4,60,1.07604,2025
Princeton,Ivy,26,20,6,65.1775,108.704,87.2197,0.926372,52.4,43,23.3,24.1,35.5,28.2,23.3,22.3,52.6,34.7,73.2,41.7,30.2,NA,32.6,35.8,0,0,59.2,53.9,0.00252168,2025
George Mason,A10,30,25,5,68.7409,108.412,87.1692,0.924699,48.1,43.3,30.1,25.5,34.9,30.2,17.3,27.3,45,36.3,73.3,40.7,32.4,NA,32.6,32.6,0,0,50.7,50.5,-0.31313,2025
Harvard,Ivy,25,21,4,67.7088,101.795,82.0324,0.922888,48.1,41.6,22.4,31.8,35.7,28.5,18.7,31,49.4,30.8,74.3,42.4,26.6,NA,38.9,32.7,0,0,48.1,52.4,0.834946,2025
Virginia Tech,ACC,30,18,12,70.0531,112.745,91.4855,0.917048,52.7,49,28.9,23.9,28.2,28.5,20.7,21,50.4,38.6,76.1,50,31.1,NA,30.8,29.7,0,0,58,48.8,-0.0313376,2025
UNLV,MWC,30,24,6,67.7439,109.599,89.3126,0.913245,50.3,44.9,26.5,24.5,31.7,25.2,15.5,21.3,49,35.2,73.8,42.6,33.2,NA,33.1,32.6,0,0,53.5,57.1,-0.759336,2025
Arizona,B12,32,19,13,69.2597,100.579,82.9964,0.901112,49.1,44.8,27.8,29.5,27.1,30.3,22.6,26.2,48,34.3,70.6,43.7,31.5,NA,30.8,32.8,0,0,53.6,54.5,-1.70334,2025
Belmont,MVC,30,19,11,68.8392,105.214,87.0801,0.898025,49.5,44.4,26,25.4,29.1,29.5,20.1,21.7,48.9,33.6,73.2,45.1,28.8,NA,39.6,35.6,0,0,56.7,53.8,-2.17476,2025
Marquette,BE,29,20,9,69.382,99.1102,82.226,0.895458,47.4,42.8,25.9,23.6,32.2,28,23.4,23.9,47.4,31.5,76.9,41.6,30.2,NA,29.3,31.8,0,0,64.9,58,-1.75918,2025
Colorado,B12,32,20,12,68.5856,105.755,87.746,0.895366,52.1,47.1,24.9,29,34.6,26.5,26,22.1,51.9,35,71.6,45.8,32.7,NA,32.4,40.3,0,0,61.6,55.9,0.139023,2025
Middle Tennessee,CUSA,30,23,7,64.9115,95.65,79.4848,0.89369,46.6,37.8,32.6,24.2,28.1,29.6,19.8,24.5,47.5,30.1,73,35.2,28.1,NA,35.7,37.6,0,0,51,51.3,-1.29721,2025
Auburn,SEC,30,12,18,68.3461,102.586,85.4557,0.891009,46.1,48.3,31.5,32.3,34.8,33,24.4,27.1,45.8,31.3,68.6,47.8,33,NA,20,28.5,0,0,54.5,48.3,-4.69734,2025
Florida Gulf Coast,ASun,30,27,3,65.7829,103.191,86.0098,0.890353,51.4,42.5,30,24,33.9,25.7,19.6,24.2,51.5,34.1,66.2,41.8,29.7,NA,42.7,27.2,0,0,53.7,41.1,-0.615695,2025
Stanford,ACC,30,16,14,68.68,108.989,90.9315,0.889256,51.1,48,26.4,20.7,30.2,26.9,20.6,18.2,49,36.6,74.1,45.6,35.4,NA,34.6,32.1,0,0,52.2,44.3,-1.13737,2025
South Dakota St.,Sum,30,27,3,66.9136,108.931,90.9266,0.888711,55.3,44.7,29.9,26.2,28.1,22.6,18.7,18.1,55,37.3,72,44.6,29.9,NA,35.7,32.8,0,0,60.6,43.5,2.75685,2025
Florida,SEC,31,15,16,71.9741,107.208,89.7531,0.885299,49.9,46,30.8,27.6,35.4,30.6,23.3,20.1,51,31.5,72.9,45.4,31.4,NA,28.3,33.8,0,0,51.5,50.6,-2.63639,2025
Saint Joseph's,A10,30,22,8,66.3654,104.701,88.2125,0.877684,50.6,43.5,25.6,21.3,33.5,24.7,20.9,20.9,49.6,35.1,76.7,43,29.7,NA,35,31.6,0,0,67,46.7,-2.32733,2025
Seton Hall,BE,29,21,8,67.605,100.713,84.877,0.877327,44.5,48.3,24.5,27.5,32,32.3,20.9,29.9,46,28,77.4,46.8,33.7,NA,36.9,39.7,0,0,59.4,62.6,0.802223,2025
Clemson,ACC,31,14,17,64.6393,105.686,89.4947,0.871284,49.4,46.6,22.7,26.8,27.6,26.6,20.5,19,47.9,34.7,73.9,46,32.1,NA,37.2,30.5,0,0,60.8,51.8,-4.12674,2025
James Madison,SB,31,27,4,71.1128,101.702,86.1931,0.870199,47.2,40.5,33.1,25.4,33,26.7,20.1,20.5,48.4,29.6,73.7,42,25.3,NA,30.2,38.3,0,0,44.6,48.8,1.68774,2025
Villanova,BE,30,17,13,67.1369,103.965,88.4491,0.86514,47.8,47.1,20.8,30.5,23.9,30.5,19.1,22.2,46.1,33.9,73.9,47.1,31.4,NA,35,28.9,0,0,59.9,55.6,-2.44598,2025
Missouri,SEC,32,14,18,67.0286,107.414,91.4095,0.86476,49.5,47.6,28.5,28.7,33.5,32.7,23,22.5,46.7,36.6,70.9,47.2,32.2,NA,33.6,34.1,0,0,50.5,53.1,-5.70695,2025
Virginia,ACC,32,17,15,70.7224,104.764,89.2853,0.862777,47.9,44.8,27.1,21.8,31.2,31.8,21.9,20.4,48.9,30.8,72.1,45.4,29.2,NA,37,36.9,0,0,57.5,67.4,-2.96316,2025
Fairfield,MAAC,28,25,3,68.1491,104.376,89.0451,0.86139,54.4,42.2,20.8,26.4,30.3,25.4,20.2,27.2,57.7,33.5,70.1,43.4,26.5,NA,44.3,32.2,0,0,63.4,48.1,-0.148685,2025
Murray St.,MVC,28,21,7,75.6609,111.943,95.7551,0.857691,52.6,50.2,30.6,24.5,30.5,23.8,17.2,22.4,53,34.7,80,49.5,34.6,NA,43.1,31.1,0,0,59.5,46.2,-1.72182,2025
Montana St.,BSky,30,27,3,69.4661,99.0826,85.0474,0.85278,48,44.6,30.1,26.1,31.6,33.5,20.2,32.3,46.8,33.2,77.6,45.6,28.6,NA,39,36.7,0,0,56.9,53.2,0.175268,2025
Wyoming,MWC,30,20,10,64.0318,101.225,86.9048,0.852469,51.2,44.3,24.7,21.5,27.6,26,21.3,18.3,51.6,33.7,68.1,43.3,31.2,NA,33.7,28.8,0,0,66.1,45.5,-4.35252,2025
Missouri St.,MVC,30,23,7,68.6975,102.139,87.9414,0.848282,48.8,45.2,28.8,27.6,35,26.3,19.7,24.1,47.9,34.1,66.8,46.9,27.7,NA,29,33,0,0,55.6,47.3,-1.88081,2025
UTSA,Amer,29,26,3,66.4203,100.658,86.6729,0.848154,45.1,42,28.3,27.3,43.6,30.5,24.1,25.1,45.7,29.2,73.7,39.4,31.5,NA,30.4,32.6,0,0,59,56,0.343785,2025
Texas Tech,B12,33,17,16,67.4405,98.7859,85.5373,0.839703,46.8,47,33.3,36.4,34.5,34,26.2,27.3,46.9,31,69.3,48.6,28.8,NA,38.8,30.6,0,0,53.5,46,-4.16265,2025
Syracuse,ACC,30,12,18,70.827,104.14,90.2513,0.83836,46.1,48.1,24.4,23.1,37.3,35.8,22,23.3,44.7,33.3,73.2,46.3,34.6,NA,25.9,32.8,0,0,59.2,61.4,-6.05025,2025
Drake,MVC,30,20,10,71.5711,108.593,94.2528,0.835985,54.5,47.7,24.8,22.9,34.1,23.4,22.9,18.6,57,34.5,75,44.6,35.7,NA,47.6,34.8,0,0,70.5,49.9,-3.34062,2025
Ball St.,MAC,30,23,7,70.0134,99.1261,86.2055,0.832867,49.7,43.9,30.1,26.2,28,26,21,24.2,52.7,30,73.5,41.6,31.9,NA,39.4,36.5,0,0,61.1,57,-1.76712,2025
South Florida,Amer,30,20,10,65.3979,103.556,90.0644,0.832745,46.6,45.9,25.4,26.3,34.1,29.9,21.2,24.2,44.7,34.6,69.5,45.3,31.5,NA,25.9,31.8,0,0,58.6,52.9,-2.02027,2025
Grand Canyon,WAC,30,28,2,70.1135,101.502,88.2925,0.832489,54.9,45.5,27.2,32,30.2,28.6,21.2,30.2,54.2,37.5,72.4,47.4,28.2,NA,33.6,37.9,0,0,58.5,52.7,0.898518,2025
Boston College,ACC,33,16,17,72.8748,105.29,92.2302,0.82097,46.4,49.6,28.6,27.7,38.1,33.7,22.5,25.3,44.7,33.4,76,50.3,32.1,NA,30.2,32.8,0,0,56.1,54.5,-4.59524,2025
Liberty,CUSA,28,22,6,67.9842,104.492,91.5648,0.820347,51.5,43.4,24.1,31,35.5,27.5,25.3,21.4,50.6,35.3,74.1,41.4,31.7,NA,37,33,0,0,54.8,52.1,-1.68779,2025
Green Bay,Horz,32,27,5,63.8146,101.309,88.9979,0.816071,49.9,45.3,24.1,22.5,29.1,26.4,17.6,23.7,47.6,36.3,77.5,44.2,31.3,NA,33,38.7,0,0,69.5,58.5,-1.07457,2025
St. John's,BE,30,16,14,64.4114,99.3375,87.3469,0.814469,47.8,48.2,23.5,23.7,25.8,26.6,20.3,26.7,48,31.6,76.3,49.8,29.9,NA,36.2,32.9,0,0,52.9,55.8,-6.02216,2025
Davidson,A10,31,19,12,65.0597,98.3949,86.6164,0.812486,48.2,42,24.4,37.9,31.8,28.2,22.9,23.7,46.1,34.3,69.7,43.1,25.9,NA,39.7,26.3,0,0,48.5,40.2,-5.13045,2025
Kansas,B12,30,16,14,67.1541,102.57,90.5925,0.806586,48.3,48.9,37,28.2,20.6,28.6,20.8,21.5,45.9,35.2,74.6,47.4,34.3,NA,35.3,38.2,0,0,52.2,59.8,-2.11461,2025
Penn St.,B10,29,10,19,73.2757,102.833,90.982,0.803463,51.1,49.9,24.8,23.3,35.5,28.3,27.1,22.4,50.7,34.7,69.6,49.9,33.3,NA,28.3,35.8,0,0,63.3,63,-7.46488,2025
BYU,B12,30,13,17,70.0094,101.377,90.07,0.795764,49.3,45.9,22.2,33.9,28.8,27.6,23.6,19.5,47.9,34.2,69.8,43.1,34.2,NA,39.6,33.4,0,0,60.5,56,-6.29485,2025
Norfolk St.,MEAC,31,27,4,69.9068,99.185,88.1319,0.795555,48.5,42.2,24.7,30,34.6,32.6,20,29.7,48.9,31.8,71.5,41.1,29.6,NA,32.5,35,0,0,50.1,58,0.170884,2025
Vermont,AE,31,19,12,62.7776,97.9953,87.2842,0.791025,51.5,43.1,20.8,23.4,26.7,26.5,20.2,24.5,51.8,33.9,70.2,42.2,30.1,NA,31.2,29.9,0,0,55.7,50.4,-8.70482,2025
Miami FL,ACC,29,14,15,68.9374,104.089,93.0509,0.783995,50,48.6,23.6,20.7,29.1,29.7,22.4,19.6,52,30.8,76.1,48.9,32.2,NA,34.5,39.8,0,0,56.8,56.3,-3.83015,2025
Colorado St.,MWC,31,22,9,65.743,104.055,93.1434,0.781421,49.6,44.4,27.5,23.1,17.6,27.6,13.1,18.7,47.3,35.4,79.5,42.4,31.8,NA,40.3,39.3,0,0,58.6,57.1,-4.90693,2025
Temple,Amer,29,19,10,71.5009,97.7809,87.5595,0.780695,44.1,45.7,23.9,26.7,33.8,31.7,21.5,26.3,41.8,33,73.1,43.4,33.9,NA,30,30.8,0,0,53.3,59.7,-4.02702,2025
Southeastern Louisiana,Slnd,29,25,4,65.7211,96.4696,86.5722,0.776409,44.7,42.5,31.6,34.4,31.9,28.9,18.2,28.9,43.6,32.8,71.5,40.7,30.1,NA,19.5,38.9,0,0,49.5,56.5,-1.98841,2025
Northern Iowa,MVC,30,15,15,70.3124,104.085,93.785,0.768233,50.5,48.7,25.5,26.9,26.3,29.4,17.9,22.9,48.7,36.2,71.7,46.6,34.8,NA,33.4,38.4,0,0,50.6,62.4,-7.47727,2025
Portland,WCC,31,28,3,71.7613,106.403,96.1038,0.763278,50.4,45.7,36.5,30.1,35.7,32.9,21.4,27.1,50.7,33.1,78.4,46.2,29.6,NA,34.2,26.2,0,0,67.2,58.1,-0.564768,2025
Purdue Fort Wayne,NA,31,24,7,69.9579,99.1049,89.6278,0.760587,50.7,43.5,25.3,26.9,26.6,27.8,17.9,25.4,47.7,36.7,76.9,43.4,29.2,NA,40.2,35.5,0,0,50,51.7,-4.4651,2025
Cincinnati,B12,29,15,14,68.5723,100.875,91.4514,0.755449,40.7,49.9,39,29.3,33.7,29.5,18.4,23.9,41.2,26.3,72.2,46.1,37.3,NA,28.9,38.4,0,0,49.9,64.2,-2.66594,2025
Western Kentucky,CUSA,29,22,7,69.3418,103.86,94.2308,0.753782,50.3,46.7,24.6,31.4,29.1,34,19.8,28.1,50.8,33.1,73.2,48.9,28.6,NA,38.3,36,0,0,60.1,52.9,-3.9444,2025
North Texas,Amer,30,23,7,70.5617,96.1824,87.4142,0.750123,45.6,42.8,35.3,24.7,35.2,30.2,22,24.7,46,29.5,66.8,43.4,27.8,NA,23.4,34.2,0,0,48.4,49.6,-3.12427,2025
Gonzaga,WCC,31,22,9,66.8822,102.637,93.6064,0.742524,50.1,46.1,26.5,26.6,39.5,26.3,25.7,18.6,47.4,37.1,73.2,44.5,32.7,NA,33.7,35.5,0,0,63.2,55.4,-3.91378,2025
Northern Arizona,BSky,31,25,6,74.9806,106.695,97.3542,0.741471,48.6,45.3,29.3,23.4,31.5,28.9,18.1,19.1,48.4,32.7,76.4,42.8,34.6,NA,41.4,27.5,0,0,59.2,49.5,-1.84611,2025
Wake Forest,ACC,29,9,20,68.0494,96.1382,87.928,0.736254,47.7,47.8,26.4,29.9,25.8,31.3,24.7,23.8,49.1,29.9,71,47.4,32.5,NA,33.9,34.1,0,0,59.1,56,-8.38306,2025
Charleston,NA,28,22,6,71.4296,96.7361,88.6124,0.73277,44.9,43.8,28,29.1,38.3,31.2,19.4,32,45.2,29.5,70.5,42.9,30.3,NA,35.4,36,0,0,48.2,59,-4.42241,2025
Albany,AE,30,25,5,63.9827,99.638,91.3618,0.730514,51.3,44.1,20.9,21.8,30.6,31.4,20.5,25.9,51.8,33.5,73.7,46.8,26,NA,32.8,34.9,0,0,53.5,47.4,-2.3444,2025
Oral Roberts,Sum,30,23,7,75.1927,103.292,94.7852,0.728766,50.7,49.1,27.6,27.6,28.4,26.2,17.7,22.7,52.5,30.7,71,50.4,31.3,NA,28.6,37.2,0,0,48.7,46.6,-2.3037,2025
Northwestern,B10,27,9,18,71.4725,102.63,94.3273,0.72514,46,47.9,29.8,30.8,28.5,31.1,19.7,18.1,46.8,28.6,66.9,46,34.5,NA,21,33.1,0,0,67.3,64.6,-7.26657,2025
Wisconsin,B10,30,13,17,67.0862,104.397,95.9846,0.724362,48.2,50.7,26.9,23.1,30,30.6,22.1,17.7,47.1,33.8,70.5,49.8,35.1,NA,31.3,31.8,0,0,63.7,56.4,-3.6288299999999998,2025
Stephen F. Austin,Slnd,31,26,5,73.6986,101.967,93.8892,0.720948,54,42.9,35.3,20.3,30.5,30.4,24.5,23.8,54.8,35.3,72.2,41.3,30.8,NA,44.1,31.6,0,0,57.8,59.2,-2.90871,2025
Rhode Island,A10,33,17,16,63.7802,95.8041,88.3352,0.717769,44.4,43.9,21.6,24.1,37.9,26.8,22.2,23,44.2,29.8,68.9,41.5,33.5,NA,35.7,27.7,0,0,55.7,46.2,-9.4567,2025
Quinnipiac,MAAC,28,25,3,67.037,100.547,92.7601,0.716461,49.8,43.5,25.5,23.3,27.9,27.9,18.1,23.6,48.4,35.2,73.7,42.6,30,NA,32.6,37.5,0,0,53.4,55.5,-0.290139,2025
Georgia,SEC,32,13,19,67.9432,96.9019,89.4797,0.714309,44.5,47.8,27.8,26.5,32.2,29.8,22.9,21.7,43.8,31,68.6,47.1,32.7,NA,26.1,37.1,0,0,47.6,61.2,-5.21167,2025
Georgetown,BE,30,12,18,66.1642,101.402,93.7634,0.711088,44.7,48.3,26.8,24.7,32.8,32.1,23.3,21.2,43.1,31.8,77.3,46.8,34.1,NA,34.8,35,0,0,48.9,59.1,-8.86417,2025
Lehigh,Pat,30,24,6,69.7906,99.1275,91.8909,0.70511,51.8,45.3,30.2,25,25.4,28.6,21.5,26.5,53.3,33.4,80.5,47,28,NA,45.2,34.5,0,0,61.2,54.7,-3.40514,2025
Washington St.,WCC,31,19,12,68.4199,100.717,93.4001,0.704185,48,43.5,23.6,27.2,28.7,33.9,20,19.6,47.8,32.1,72.3,41.4,32.4,NA,37.8,28,0,0,55.1,49.8,-6.49895,2025
Duquesne,A10,31,19,12,74.1433,99.2137,92.0518,0.703,49.2,45.9,27.2,30,25.7,33.6,19.9,27.2,50.2,32.1,67,45,31.5,NA,50.9,41.5,0,0,56.9,59.1,-7.19835,2025
Lamar,Slnd,29,22,7,65.9609,97.5434,90.6217,0.699819,46.4,42.9,29.5,30.6,36.8,28.5,22,26.6,45.4,33.3,71.4,41.3,31.4,NA,21.5,28.5,0,0,54.7,59.6,-3.96715,2025
SMU,ACC,30,10,20,68.7067,97.4935,90.6261,0.698463,42.4,46.2,25.2,29.1,34.9,33.5,21.8,21.3,41.9,29,69.4,45.9,31.2,NA,31,35.1,0,0,50.6,58.9,-8.81057,2025
Buffalo,MAC,29,23,6,71.1887,96.7751,90.1033,0.694551,47.9,45.4,32.7,31.2,29.1,30.1,19.8,29.6,48,31.8,78.3,47.4,28.8,NA,22.9,47.9,0,0,60.7,62,-3.63815,2025
San Diego St.,MWC,31,22,9,67.4312,98.1823,91.5717,0.690315,48.3,44.2,28,28.6,29.8,28.2,19.7,21.9,47.2,34.2,74.9,43.8,29.9,NA,26.5,34.6,0,0,51,50.9,-5.33046,2025
Coastal Carolina,SB,29,22,7,72.6654,97.7773,91.2284,0.689386,49.6,45,27.5,25.2,29.5,33.7,20.4,26.8,51.8,30.8,66.4,45.6,29.3,NA,40.6,35,0,0,51.4,51.1,-4.13172,2025
Kent St.,MAC,30,19,11,69.7771,99.8485,93.27,0.686496,49.1,44,30.6,24,30,26.5,22.4,19.7,47.3,34.8,78.5,44.9,28.2,NA,37,34.9,0,0,60.1,52.6,-7.31515,2025
Cleveland St.,Horz,32,24,8,67.7961,103.092,96.365,0.684808,52.9,43.2,40.2,22,30.6,27.7,21.7,19.8,54,33.9,76.8,38.6,34.3,NA,36.4,36,0,0,60.4,61,-5.39551,2025
Rutgers,B10,30,11,19,70.9321,98.4078,92.2282,0.678266,44.1,47.4,29,25.7,33.9,34.8,21.2,21.4,43.9,29.7,67,47.7,31.2,NA,29.3,35.7,0,0,46.1,62.6,-6.135,2025
Rice,Amer,30,14,16,68.661,96.2819,90.3026,0.676408,45.6,42.9,23,29.5,32.7,26.5,22.8,19.7,45.4,30.7,71.6,42.2,29.9,NA,32.9,29.9,0,0,58,49.1,-11.0831,2025
Pittsburgh,ACC,32,13,19,70.7473,93.0503,87.2963,0.675699,43.1,46.5,31.4,23.8,28,29.3,23.9,22.2,40.6,32.4,72.1,45.1,32.3,NA,31.6,41.5,0,0,58.7,61.5,-7.43683,2025
Illinois St.,MVC,30,19,11,68.0982,104.953,98.5537,0.673366,52.4,47.5,33.1,23,28.8,25.9,19.8,18.7,52.1,35.5,65.8,46.4,32.7,NA,30.5,40,0,0,58,55.4,-6.35729,2025
Arizona St.,B12,32,10,22,72.17,104.194,98.2749,0.662089,46.2,49.4,27.5,35.8,27.8,31.7,20.6,18.7,43.9,34.7,75.8,47,35.5,NA,29.1,37.9,0,0,48.2,61.6,-10.2518,2025
DePaul,BE,32,13,19,70.8879,100.777,95.4176,0.652137,43.3,48.9,28,32.9,33.7,30.4,22.5,21.5,42.6,30.1,73.9,49.1,32.3,NA,27.5,34.5,0,0,63.6,62.7,-7.91967,2025
Tulsa,Amer,30,17,13,72.2021,92.1891,87.3501,0.650231,45.8,43.4,25.4,27.9,28.2,31.5,22.6,25.2,45,31.3,69.3,41.1,32.5,NA,42.9,30.8,0,0,60.7,52.2,-8.1999,2025
Butler,BE,32,15,17,65.0896,97.6467,92.873,0.64024,48.9,49.2,32.7,21.4,33.9,29.8,27.6,22.5,48,33.5,71.6,48.1,34.5,NA,38.9,30,0,0,66.3,57.3,-7.23751,2025
Texas A&M,SEC,29,10,19,67.7119,95.3288,90.7136,0.638922,43.3,45.6,30.1,26.5,34.9,32.3,25.6,18.8,45.5,25.1,68.6,45.3,30.7,NA,27.9,33.7,0,0,55.9,55.2,-5.52387,2025
Toledo,MAC,28,22,6,67.2514,99.299,94.5925,0.636084,50.2,47.2,33.6,26.8,33.8,26,23.9,20.8,51.5,31.8,73.7,47.1,31.6,NA,34.4,27.4,0,0,56.8,49.5,-2.01942,2025
Troy,SB,31,19,12,76.4752,99.6117,94.9208,0.635231,46.6,43.9,25.3,31.1,37.5,25.9,21.6,18.3,47.6,29.6,71.1,41,32.7,NA,30.4,36.9,0,0,52.1,55.8,-7.57644,2025
Tennessee Tech,OVC,30,25,5,68.6971,99.224,94.5518,0.635218,49.6,44.4,36.6,28.1,35,27.1,24.1,22.3,46.3,36.6,76.7,44.5,29.6,NA,38.2,25.5,0,0,60.2,47.5,-2.72556,2025
UCF,B12,30,12,18,70.5222,99.9411,95.4032,0.630507,44.9,51.2,32.1,28.2,33.7,29.2,22.1,21.8,45,29.8,71.1,50.1,35,NA,22.9,43.2,0,0,45.3,64.1,-6.3832700000000004,2025
San Francisco,WCC,29,14,15,69.4111,94.8078,90.6299,0.626743,45.3,45.6,30.4,22.6,34.5,27.4,23.5,22,43.5,32,71.8,44.7,31.4,NA,38.3,36.4,0,0,62.4,53.7,-10.9135,2025
Tulane,Amer,28,16,12,73.1428,93.5686,89.4543,0.626473,47.6,41.6,30.3,23.1,30.3,32.8,25.3,22.3,46.4,33.5,65,41.5,27.8,NA,32.4,32.7,0,0,56.2,57.2,-7.66864,2025
Providence,BE,32,13,19,65.7509,91.3996,87.5314,0.621827,44.3,43.7,29.1,23.3,28.7,30.4,27,21,45.8,27.5,72.4,43.6,29.2,NA,33.1,36.7,0,0,54.1,55,-10.0066,2025
Bowling Green,MAC,29,17,12,67.6463,104.614,100.223,0.620857,51.2,49.1,30.7,28.8,33.8,28.3,23.3,21.1,50.1,35.4,72.2,48.1,34,NA,37.4,33.7,0,0,62.1,51,-7.49613,2025
Colgate,Pat,31,23,8,66.1515,99.7816,95.6217,0.62004,48.7,47.9,27.4,27.8,30.6,23.7,18.6,24.5,48,33.4,79.5,47.8,32.1,NA,33.6,29.7,0,0,56.9,50.7,-5.52061,2025
Illinois Chicago,MVC,28,13,15,66.1843,96.2592,92.3169,0.617962,47.6,48.5,28.6,29.5,32,26.9,22.3,22.6,46.3,33.9,69.9,48.6,32.1,NA,29.2,30.6,0,0,59,60.7,-10.0313,2025
East Carolina,Amer,30,16,14,69.5783,91.8093,88.1144,0.615951,42.3,44.4,31.9,28.9,39.5,32.7,26.6,26.9,42.1,28.5,67.9,42.9,32,NA,23.5,29.4,0,0,60.1,61.5,-8.51286,2025
UNC Greensboro,SC,30,24,6,63.3991,94.3469,90.6718,0.612284,45.7,43.3,30.2,26.5,35.3,27.7,22.2,23.9,44.1,32.4,70,41.3,32.2,NA,34.5,27.7,0,0,44.4,51.8,-3.35336,2025
North Dakota St.,Sum,30,19,11,69.4838,96.08,92.579,0.605124,48,45.9,35.9,31.4,32.8,26.7,23.3,21.5,47.4,32.9,74.3,47,28.4,NA,31.6,24.7,0,0,51.3,42,-7.3016,2025
Arkansas,SEC,32,10,22,71.6912,99.6068,96.0433,0.603234,45.2,48,29.5,20.6,24.7,37.7,20.7,17.7,45.4,29.9,76.3,46.1,34.8,NA,40.4,31.7,0,0,41.7,54.6,-8.87158,2025
Massachusetts,A10,30,16,14,68.8171,92.7503,89.4455,0.60282,44.7,44.9,25.7,24.8,35.3,30.4,23.6,26.7,42.9,33.3,73.9,41.1,33.8,NA,24.6,40.1,0,0,59.9,64,-9.96537,2025
Purdue,B10,29,10,19,69.7855,97.2472,93.8604,0.600525,47.4,50.1,20.7,29.1,25.8,30.8,24.1,18.3,47,32.1,70.2,49.9,33.7,NA,31.5,35.8,0,0,58.7,56.1,-4.36044,2025
Oregon St.,WCC,31,16,15,65.1421,95.1862,92.01,0.596351,45.6,44.5,28.5,18.8,31.3,25.6,22.8,16.9,47.4,28.1,74.9,42.5,32.1,NA,34.7,35.8,0,0,57.2,61,-9.25448,2025
North Carolina A&T,CAA,28,18,10,66.2526,93.5309,90.4768,0.594303,45.4,42.1,30.6,24.8,34.8,28,23.9,23.9,45.6,29.9,69.8,43.8,26.2,NA,28.6,37.1,0,0,58.9,53.3,-7.14521,2025
New Mexico St.,CUSA,30,16,14,68.2665,97.118,94.0036,0.592627,47.1,48.6,29.6,44.1,25.2,33,21.3,26.7,47.4,30.9,74.2,48.3,32.7,NA,33.6,30.4,0,0,48.4,50.5,-8.11133,2025
Miami OH,MAC,28,18,10,68.5431,89.7763,87.0974,0.586223,47.9,43.3,23,35,28.2,29,25,29,47.3,32.5,74.9,38.8,34,NA,39.7,36.7,0,0,54.1,58.6,-7.80962,2025
Hawaii,BW,29,21,8,66.1284,88.1931,85.6357,0.583801,44.9,38.5,32.1,24,29.7,26.9,24.5,22.6,46.5,28.3,74,38.9,25.3,NA,39.6,39.4,0,0,54.7,49.1,-5.26836,2025
Arkansas St.,SB,29,19,10,74.0429,94.1783,91.4535,0.583613,46.4,45.2,25.7,28.7,33.1,33.1,21.9,26.9,44.2,32.5,68.4,46.3,28.3,NA,49.2,27.6,0,0,57.8,58,-8.15197,2025
Army,Pat,28,22,6,65.7371,95.9646,93.3276,0.579429,46.9,45.5,25.3,24.3,27.7,23,19.7,22.4,44,34.2,73.7,43.6,33.3,NA,39.9,29.5,0,0,60,54.7,-4.27774,2025
Holy Cross,Pat,29,18,11,67.539,90.45,88.0171,0.577756,46.5,42.9,21.5,23.3,28,24.6,22.3,20.8,46.1,31.6,75.4,42.9,28.6,NA,32.6,32.7,0,0,66.3,51.4,-7.79331,2025
New Mexico,MWC,31,18,13,72.2896,97.548,95.294,0.566808,49,46.5,25.1,26.5,29.1,25.9,21.5,19.3,48.2,33.7,70.2,45.6,32,NA,37,37.3,0,0,56.6,61.5,-8.79047,2025
Idaho,BSky,29,18,11,69.7629,91.4418,89.8533,0.550215,44,41.4,22.7,23.8,31.6,25.1,21,20.2,43.5,30,75.7,38.7,31.4,NA,33.6,32.7,0,0,54.5,48.5,-8.54705,2025
UC Davis,BW,29,18,11,69.5886,89.298,87.8899,0.545566,46.6,38,29.4,24.1,26.1,27.3,23.1,20.9,47,30.7,72.7,36.9,26.9,NA,41.8,31.3,0,0,59.1,43.3,-8.87877,2025
VCU,A10,31,12,19,64.2333,91.9264,90.5532,0.543161,45.1,41.7,26.1,26.7,36.8,30.8,26.8,22.6,42.4,33.4,67.9,41.7,27.9,NA,34.4,35.2,0,0,56.3,53.7,-14.0126,2025
Southern Indiana,OVC,34,22,12,69.2064,97.2602,96.0878,0.534809,49.5,45.9,28.4,30,32.1,30.6,22,24.2,47.3,36.3,72.3,45.9,30.6,NA,29.8,41.2,0,0,55.7,49.3,-8.0138,2025
Boise St.,MWC,31,17,14,70.023,97.6435,96.6948,0.528041,47.9,46.5,25,27.1,30.8,29.8,20.9,20.6,46.1,34.1,74.5,45.3,32.7,NA,34.8,31.7,0,0,58.6,52.2,-9.1669,2025
Eastern Illinois,OVC,30,18,12,67.3689,89.4589,88.648,0.526155,45.3,43.9,25.7,29.8,33,30.1,25.1,24.2,46.9,27.4,71.8,42.4,31.5,NA,27.9,29.8,0,0,58.9,56.6,-7.56316,2025
Air Force,MWC,30,17,13,68.5658,94.9848,94.4119,0.517388,45.5,49.9,23.1,26.3,30.1,32.3,20,27.9,43.9,32.5,70.8,50.8,32.1,NA,34.6,33,0,0,55.4,56.6,-9.41343,2025
UC Irvine,BW,29,20,9,65.7074,89.6914,89.2324,0.514747,40.9,40.9,25.9,25.6,32.2,30.2,19.4,25.7,39.8,28.4,75.8,38.4,30.1,NA,38.5,36.9,0,0,55.2,64.1,-6.77546,2025
Old Dominion,SB,32,17,15,68.4762,96.9037,96.6091,0.508752,42.2,44.9,31.2,32.8,38,32.7,21.9,21.5,41.2,29.4,68,45.4,29.1,NA,32.9,29.1,0,0,50.3,55.8,-10.4436,2025
Dayton,A10,31,18,13,70.1721,92.2293,91.9876,0.507542,46,42.8,31.6,27.9,34,31,26.3,23.3,45.8,30.9,70.4,44.1,26.9,NA,30.6,33.2,0,0,55.4,51,-7.73612,2025
Tarleton St.,WAC,30,19,11,64.9504,94.62,94.6181,0.500059,46.2,44.5,27.5,36.7,36.6,28.1,25.1,23.2,45.1,32.2,75.5,44.5,29.6,NA,32.8,32.7,0,0,53.7,53.6,-7.39595,2025
UC San Diego,BW,31,17,14,70.1833,88.2053,88.5752,0.487969,43,43.4,27.6,29.8,28.1,30.1,21.5,28.6,42.4,29.6,70,43.5,28.9,NA,33.3,41.7,0,0,49.5,57.9,-11.9961,2025
Bucknell,Pat,29,16,13,64.3677,95.3348,95.8179,0.485472,48.5,43.3,22.9,27.2,27.1,29.3,21.8,20.1,46,35.7,71.7,40.5,32.9,NA,33.8,31.1,0,0,60.3,56.7,-10.466,2025
Louisiana,NA,29,13,16,67.4382,89.8993,90.4911,0.481147,42.8,45.5,31.7,32.9,30.4,31.6,23.3,27.2,41.6,31.7,71.4,45.1,30.8,NA,19,39.6,0,0,33.5,53.6,-12.3372,2025
Navy,Pat,29,19,10,70.5171,91.4343,92.1499,0.477603,42.7,43.5,24,28.9,33.2,28.6,18.9,23.7,40.7,31.1,68.5,43.7,28.8,NA,33.6,28.9,0,0,53.5,52.8,-8.04748,2025
Chattanooga,SC,29,16,13,65.2123,88.7634,89.613,0.472642,46.6,43,24.9,29.2,26.3,28.6,23.7,23.4,47.6,30,72.4,44.7,26.6,NA,38,34.1,0,0,50.9,51,-9.9446,2025
Drexel,CAA,27,16,11,63.4634,93.4886,94.4125,0.471756,44.9,45,19.8,26,32.9,34.2,23.6,23.7,45.2,29.5,70.8,45,30,NA,34.7,29.2,0,0,70.9,53.9,-7.88202,2025
Lindenwood,OVC,30,21,9,67.8618,96.1263,97.2067,0.467911,49,46,36.3,27,29.2,30.2,23.4,22.5,49.4,32.3,75.2,45.5,31.4,NA,35.1,32.4,0,0,58.3,46.1,-6.54327,2025
Abilene Christian,WAC,30,20,10,68.9702,94.4418,95.6869,0.462416,49.8,48.8,28.4,25.9,35.1,31.5,25.7,29.4,53.2,30.1,70.6,49.4,31.9,NA,42.6,39.3,0,0,58.7,55.3,-8.15185,2025
Lipscomb,ASun,29,19,10,69.3204,100.067,101.432,0.461152,51.5,48.2,22.9,23.1,24.5,31.8,19.2,21,52.5,33.5,73.5,48.4,31.9,NA,43.7,33,0,0,46.3,48.8,-7.15453,2025
Penn,Ivy,26,15,11,67.121,95.3828,96.743,0.459379,45,44.1,27.2,23.8,30,33.4,19.5,21.6,45.3,29.7,72.9,44.8,28.5,NA,37.9,34.7,0,0,59.8,57.3,-6.88543,2025
High Point,BSth,30,19,11,68.7568,92.0172,93.3363,0.45917,49.4,43.8,31.1,27.4,24.1,32,22.9,26.1,51.4,31,73,44,28.9,NA,40.3,29.7,0,0,51.9,45.7,-9.08963,2025
Pacific,WCC,31,14,17,71.0826,90.7318,92.1988,0.45402,43.7,45.8,28.4,33.1,32.1,36.3,24.2,26.7,44.1,28.3,70.6,43.6,33.5,NA,25.1,32.5,0,0,58.7,58.1,-12.6407,2025
Campbell,CAA,29,18,11,66.8395,93.5843,95.6544,0.437426,45.7,46,25.7,23.4,31,29,19.5,24.1,48.1,27.6,62.9,44.3,33,NA,35.3,32.8,0,0,55.9,54.3,-8.39775,2025
Southern,SWAC,30,17,13,65.8802,85.878,87.8906,0.43379,41.4,44.6,31,44.2,29.3,34.1,22.3,28.1,39.3,30.7,65.4,45.6,28.3,NA,31.1,31.9,0,0,57.6,62.4,-5.72466,2025
Howard,MEAC,29,19,10,69.8469,91.0152,93.2108,0.431896,43.5,41.6,30.8,34.8,34.8,33.5,21.8,26.3,42.4,30.8,65.7,40.3,29.2,NA,30.3,36.6,0,0,52.3,60,-7.46986,2025
St. Thomas,Sum,30,16,14,69.3993,98.0509,100.471,0.430368,48.6,49.9,28.1,35.3,28.1,28.6,21.1,20.6,49.3,31.5,76.7,50.5,32.3,NA,30.5,28.2,0,0,56.6,53,-10.7603,2025
Fairleigh Dickinson,NEC,29,26,3,63.2481,94.529,96.866,0.430244,47.7,43,23.3,19.7,33.9,28,18.7,20.9,45.4,34.1,76,41.6,31.1,NA,40.3,27.7,0,0,58.8,48.3,-1.13342,2025
East Tennessee St.,SC,30,17,13,64.1849,88.4877,90.7264,0.428659,43.7,43.2,23.9,26.8,30.1,33.1,22.3,26,41.6,31.5,72.4,44.4,27.5,NA,37.5,36.4,0,0,49.6,46.6,-9.5829,2025
Wofford,SC,29,17,12,68.4781,93.2879,95.7217,0.426491,42.4,44.2,25.9,31.3,32,27.5,20.5,19.6,41.7,29,77.7,44.8,28.9,NA,37.6,37.4,0,0,48.5,49.7,-7.64211,2025
UAB,Amer,30,16,14,70.2949,94.2463,96.7572,0.424976,49,43.8,24.4,24.6,24.2,32.2,22.9,19.8,48.1,33.4,73.5,43.6,29.5,NA,44.2,31.3,0,0,60.3,50.5,-9.87184,2025
Central Arkansas,ASun,29,21,8,67.2314,94.6533,97.254,0.422697,48.2,44.6,30.1,25,29.2,28.6,21.7,18.7,48.9,31.4,70.1,40.2,36,NA,39.2,32.2,0,0,50.1,54.1,-5.05201,2025
Marshall,SB,34,15,19,67.6082,96.5351,99.2129,0.421977,46.3,47.9,33.6,28.9,33.2,37.1,23.9,24.2,44.5,32.1,70.8,47.3,32.9,NA,48.8,30.1,0,0,55,54.4,-14.9659,2025
Houston,B12,30,5,25,68.0759,91.0543,93.5886,0.421722,40.9,49.5,27.4,25.4,24.6,36,20.7,24.4,39.4,29.1,71.6,49.9,32.4,NA,35.5,32.1,0,0,48.4,59.4,-14.0528,2025
Eastern Kentucky,ASun,31,20,11,71.3654,94.8557,97.5758,0.419423,47.6,45.8,27.5,32.4,29.9,27.2,20.8,21.7,45.7,34.5,75.4,44.9,31.8,NA,31.7,32.4,0,0,58.4,51.8,-7.78158,2025
Memphis,Amer,29,7,22,72.618,99.6342,102.662,0.414773,45.4,48.9,27.4,25.9,32.2,36.3,21.6,19.4,41.9,35.9,68.7,50.7,29.9,NA,29.1,30.8,0,0,49.1,54,-15.845,2025
Saint Louis,A10,34,15,19,72.5243,92.6804,95.956,0.401451,42.9,48.6,29.7,31.9,33.1,35.1,24.4,24.1,45.2,25.5,78.7,44.5,37.1,NA,32.3,36.7,0,0,47.6,59,-12.1804,2025
Louisiana Tech,CUSA,28,14,14,69.9018,94.6292,98.0429,0.399499,45.2,46.4,42.9,27.5,34.5,31.5,27.4,21.6,46.3,28.4,69.8,47.8,29.1,NA,31.4,34.2,0,0,43.9,56.1,-9.35731,2025
Central Michigan,MAC,29,13,16,70.9371,91.2236,94.5442,0.39863,42.1,45.6,30.8,33.6,40.8,25.7,26.3,20.3,41.4,29.5,69,47.9,27.7,NA,26.4,35.8,0,0,47.1,53,-11.8662,2025
Northwestern St.,Slnd,29,15,14,69.3504,89.0883,92.4258,0.395811,42.9,42,27.2,31.2,31.6,28.9,25.6,20.8,42.4,29.2,72.3,42.6,26.9,NA,38.5,29.3,0,0,52.5,43,-10.5865,2025
Idaho St.,BSky,29,13,16,66.229,93.1742,96.6697,0.395671,44.4,48,25.6,32.4,35.2,27.8,23.8,21.8,42.4,33.7,65,46.2,33.8,NA,24.9,40,0,0,50.9,55.6,-11.6285,2025
Valparaiso,MVC,30,13,17,69.2814,90.0221,93.6329,0.388824,48.2,49.2,30.5,31.4,20.2,35.9,25.2,27,47.5,32.7,72.7,49,33.1,NA,43,40.9,0,0,54.6,63.3,-12.4498,2025
Fresno St.,MWC,31,17,14,64.7615,96.2525,100.238,0.385415,45.3,48.1,27.8,26.8,29.8,32.7,20.6,20.6,41.4,33.9,75.7,48.5,31.7,NA,41.6,36,0,0,56.1,55.7,-9.00963,2025
Georgia Southern,SB,34,16,18,68.5818,92.9276,97.4495,0.366698,45.3,47.3,27.6,35.1,36,29.3,23.5,24.4,44.7,31.3,65.9,43.9,36.5,NA,26,31.5,0,0,54.9,52.7,-15.2312,2025
Bradley,MVC,30,13,17,65.3728,86.0077,90.2113,0.366154,45.5,44.8,24.5,26.5,23,25.8,23.6,20.5,45.5,30.3,72.5,44.8,29.9,NA,41.3,30.1,0,0,61,58,-12.7652,2025
Montana,BSky,29,12,17,67.5355,98.9557,103.916,0.362985,48.4,49.5,20.9,25.3,24.9,29.3,21.2,17.7,46.4,34,77.5,47.4,35.6,NA,44.2,34.7,0,0,61.1,55.9,-12.313,2025
Wichita St.,Amer,31,10,21,70.837,87.1731,91.6407,0.360136,41.8,45.7,26.5,29.4,27.3,30.3,21.2,21.6,41.9,27.8,64.8,43.8,33.1,NA,29.3,33.5,0,0,52.5,57.4,-15.0383,2025
Northern Colorado,BSky,29,13,16,65.6787,89.5379,94.7379,0.343172,45.9,46.2,30.4,28.7,33.3,32.7,26.9,24,45.6,31.1,69.4,46.6,30.3,NA,30.2,33.9,0,0,49.7,60.3,-12.8848,2025
Brown,Ivy,26,11,15,67.7669,90.0847,95.3164,0.343171,43.7,45.8,23.8,23.2,28.8,34.9,23.1,21.9,44.4,28.6,75.2,48.4,27.7,NA,45,37.7,0,0,53.6,60.1,-8.83605,2025
Saint Mary's,WCC,29,14,15,66.5242,91.5917,97.0248,0.340134,48.5,46.9,23.9,29.5,25.5,32.7,23.5,24.6,48.3,32.6,74.9,47,31.2,NA,28.5,39.4,0,0,63.6,66.8,-11.7316,2025
Utah Valley,WAC,27,16,11,70.1684,85.7516,91.0409,0.334405,42.5,47.1,38.1,34.6,36.5,32.2,26.3,32.1,44.3,26,66.1,45.4,33,NA,33.7,41.8,0,0,60.5,67,-9.25334,2025
Tennessee Martin,OVC,32,13,19,70.1368,92.8098,98.5418,0.334216,46.5,48.8,35.1,32.5,24.6,32.9,22,24.6,47.1,30.2,76.3,49.7,31.5,NA,32.6,36.7,0,0,49.9,61.3,-14.8172,2025
Fordham,A10,30,15,15,68.5619,87.9803,93.4921,0.332082,41.2,44.3,28.6,34.5,39.3,34.8,26,26.7,42.4,25.5,66.2,44,29.8,NA,29.7,36.9,0,0,52.3,59.4,-10.5134,2025
Coppin St.,MEAC,30,17,13,67.1852,91.6349,97.4658,0.329723,44.7,46.4,26,26.3,30.6,31.8,21.3,24.3,43.5,31.2,67.2,46.2,31.1,NA,38.1,33.3,0,0,58.8,54.3,-7.95521,2025
Santa Clara,WCC,31,14,17,67.0786,92.3017,98.1863,0.329432,45.2,43.9,24,27.3,26.6,31.6,21.7,16.8,45.1,30.2,72.2,45.5,27.3,NA,33.6,35,0,0,58.5,62.9,-13.2943,2025
North Dakota,Sum,30,12,18,71.4446,91.4389,97.3691,0.326814,48.6,47.1,37.7,29.1,25.3,27.4,26.2,19.2,51.3,29.1,75.8,46.2,32.5,NA,35.7,36.5,0,0,40.4,50.3,-14.5268,2025
George Washington,A10,31,13,18,66.8241,88.631,94.3831,0.326708,42.6,43.1,34.2,30.5,34.8,29.6,26.6,19.6,43.4,27,66.1,40.4,31.6,NA,28.8,38.3,0,0,46.7,57.3,-14.288,2025
Eastern Washington,BSky,30,11,19,71.9644,87.7934,93.5755,0.324429,41.2,46.8,24.5,28.7,29.3,24.9,20.7,20.2,40.5,28.5,72.9,45,33.5,NA,30.1,34.1,0,0,48.8,55.6,-15.028,2025
UT Arlington,WAC,26,14,12,73.818,92.1193,98.2493,0.322813,44,47.1,35.9,32.2,30.8,34.3,22.3,25.1,46.2,25,70.2,47.3,31.2,NA,25.6,32,0,0,56.2,60.9,-9.19192,2025
Delaware,CAA,27,12,15,68.9081,92.9532,99.1495,0.32254,48.1,45.2,28.6,28.2,27.8,33.1,24.1,23.9,44.8,36.2,67.9,45.8,29.3,NA,34.7,33.5,0,0,55.6,54.3,-13.1948,2025
Maine,AE,30,15,15,63.3381,92.6777,99.0521,0.31757,48.3,48.6,16.4,29,28.2,26.9,23.1,21.1,48.5,32.1,71.4,48.9,31.8,NA,46.1,28.8,0,0,67,60.4,-11.4105,2025
Western Illinois,OVC,32,16,16,69.7658,95.4891,102.233,0.31329,48.1,45,31.7,31.3,29.4,31.1,22.9,19.5,46.7,33.9,79.2,45.9,28.9,NA,32.7,34.1,0,0,53.8,53.3,-13.9769,2025
Monmouth,CAA,28,15,13,68.4826,91.0312,97.4897,0.312543,45.8,43.4,27.7,17.9,35.8,31.4,25.6,18.5,48.6,26.1,68.9,41.5,31.7,NA,29.9,32.1,0,0,49.8,50.4,-10.8615,2025
Weber St.,BSky,28,13,15,68.2353,92.8657,99.5036,0.311322,46.3,46.8,33.3,25.5,30.2,32.9,26,20.2,43.2,34.6,76.1,45.6,32.4,NA,35.2,37.4,0,0,58.9,55.4,-11.5918,2025
Nevada,MWC,31,11,20,66.8408,90.6132,97.1596,0.309559,42.6,48.2,28.6,32.8,34.4,30.8,22.7,21,43.2,27.5,75.3,49.3,30.7,NA,30.2,33.9,0,0,50.6,48.9,-15.3101,2025
Nicholls St.,Slnd,29,16,13,67.0413,88.1144,94.6855,0.30425,45.5,42.1,32.1,37.7,27.3,32.8,24.3,26,44.3,32,67,41.4,29.3,NA,34,29.2,0,0,51.1,50.1,-10.9592,2025
Louisiana Monroe,SB,30,11,19,70.3694,94.2822,101.387,0.302471,42.2,49,30.4,27.4,30.9,30.7,19.5,21.3,41,30.6,72.9,48.4,33.6,NA,25,31.1,0,0,50.3,56.4,-14.5153,2025
Georgia St.,SB,32,17,15,69.807,88.0543,94.781,0.300152,43.8,46.1,31.1,29.8,20.9,38.5,20.8,26.9,42.7,30.5,71.6,43.1,33.6,NA,37.6,41.5,0,0,47.8,61.4,-10.7111,2025
UC Santa Barbara,BW,29,18,11,63.8607,93.8901,101.11,0.299018,45.2,43.9,33.7,34.2,27.1,28.4,21.7,20.7,43,32.2,81.7,43.7,29.6,NA,41.8,34,0,0,44.5,49.9,-9.42864,2025
Mount St. Mary's,MAAC,28,13,15,70.091,89.268,96.2117,0.297038,46.4,45.3,28.2,28,27,34.6,23.5,26.3,42,35.2,70.7,44.5,31.1,NA,40.9,36.8,0,0,59.4,64,-11.6096,2025
Xavier,BE,30,7,23,66.4373,83.6406,90.15,0.296949,46.4,47.6,22.3,29.2,19.2,35.6,29.8,26,46.5,30.7,65.4,47,32.5,NA,40.9,36.3,0,0,64.8,65.8,-16.224,2025
Loyola Marymount,WCC,29,14,15,66.3953,91.1382,98.577,0.288578,43.2,49.2,24.6,21,26.6,33.6,18.3,23.1,41.9,30.3,74.6,48.9,33.1,NA,35.3,30.3,0,0,50.7,58.3,-12.09,2025
Jacksonville St.,CUSA,28,10,18,66.6942,84.7121,91.764,0.285049,41.9,45.6,23.8,33.5,25.8,29.4,22.7,25.2,40.8,28.8,66.8,47.5,27.5,NA,46.1,30.4,0,0,55.6,51,-14.4597,2025
Kennesaw St.,CUSA,28,11,17,71.074,87.4617,94.7436,0.28502,41.8,45.7,31.7,34,29,29.3,24,22.8,43.5,24.8,70.6,47,28.8,NA,26.2,33.9,0,0,52.3,55.4,-13.3194,2025
Appalachian St.,SB,30,13,17,68.4528,92.1213,99.8001,0.28481,47.4,48.1,24.7,30,28.4,31.1,24.9,20.6,45.5,33.6,69.3,46.3,33.9,NA,39.2,40,0,0,64.1,51.6,-13.0149,2025
Maryland Eastern Shore,MEAC,29,13,16,68.9027,85.854,93.1688,0.280841,40.5,44.5,36.8,45.9,40.9,30.6,29.3,27.1,40.4,27.4,68.4,43.2,31,NA,23.7,38.5,0,0,52.9,59,-11.7283,2025
Florida Atlantic,Amer,31,11,20,68.803,88.3746,95.9994,0.278541,42.3,45.8,25.6,20.9,30.6,33.2,22.8,22,39.6,31.6,61.3,44.3,32.4,NA,35.1,34.8,0,0,56.3,58.5,-15.2814,2025
UT Rio Grande Valley,Slnd,31,16,15,67.4415,86.9751,94.4864,0.278363,41.7,43.7,27,25.4,29.7,26.6,23.5,18.5,39.8,29.7,69.7,44.6,27.7,NA,41.2,30.5,0,0,66.4,57.6,-11.217,2025
Siena,MAAC,28,17,11,69.9572,93.4309,101.544,0.277367,46.9,47.3,27.2,29.8,35.7,31.1,25.6,24.4,46.4,32,76,45.6,33.8,NA,30.9,33,0,0,57.4,56.3,-8.70738,2025
Sacramento St.,BSky,31,14,17,68.6396,86.9598,94.569,0.275946,46.3,44.1,32.3,32.5,27.9,30.7,26.1,24.2,44.4,33.3,70.5,42.5,31.6,NA,35.4,33.2,0,0,62.6,56.4,-14.6381,2025
Northern Kentucky,Horz,32,11,21,69.6815,93.6925,102.157,0.269997,46,48.3,26.3,26.6,27.8,28.6,21.5,19.7,44.9,31.9,69.7,48.6,31.8,NA,37,34.8,0,0,56.6,55.2,-17.2822,2025
Samford,SC,31,12,19,69.8193,91.6415,99.9307,0.269765,45.5,48.6,34.2,26.9,25.5,37.1,23.8,20.8,43.7,32.5,66,47.4,34.2,NA,36.6,30.7,0,0,53.4,53.5,-14.2585,2025
Charlotte,Amer,29,9,20,68.1621,90.2021,98.4983,0.266618,41.1,46.4,32,35.6,33.9,35.5,24.6,23.5,41.6,26.8,69.6,46.1,31.3,NA,30.9,35,0,0,52.9,59.1,-15.3197,2025
Robert Morris,Horz,30,15,15,66.4787,88.2797,96.459,0.265222,44.5,45.4,30.5,31.3,30.3,29,24.6,23,45.2,28.7,71.9,43.9,31.8,NA,30.5,38.8,0,0,50.4,53.2,-12.5667,2025
Northern Illinois,MAC,29,13,16,70.147,92.5993,101.28,0.262985,49.8,47.7,25.4,23.5,24.2,28.9,23.5,18,46.9,36.7,69.8,47.6,32,NA,35.2,36,0,0,57.4,52.9,-12.7518,2025
Longwood,BSth,31,21,10,72.9233,84.4551,92.5029,0.259854,44.4,45.1,25.7,27.3,32.4,34.6,24,32.4,44.6,29.3,69.4,46.2,28.7,NA,21.9,34,0,0,51,58.1,-8.68844,2025
Incarnate Word,Slnd,29,17,12,66.241,89.2092,97.7293,0.259418,43.5,46.7,30.9,26.5,30.3,31,25.5,25.5,43.4,29.2,71.1,48.2,29.4,NA,28.9,36.4,0,0,53.9,57.8,-8.20419,2025
Bellarmine,ASun,32,18,14,72.669,94.172,103.17,0.259331,44.6,48.9,33.8,32.8,30.6,34.2,19.3,24.5,42.5,32.1,75.8,51.9,29.6,NA,36.7,39.8,0,0,51.9,53.4,-11.4121,2025
UC Riverside,BW,29,15,14,65.7749,88.0989,96.5452,0.258681,42.6,47.4,24,27.6,30.2,27.4,21.9,26.2,41.6,29.9,66.8,48.3,30.4,NA,32.6,33.7,0,0,52.4,55.6,-12.0003,2025
Denver,Sum,30,9,21,66.139,92.9028,101.836,0.258113,44.9,49.8,31,33.6,23.7,31.1,20,22.6,45.8,29.2,77,50.9,31.5,NA,43.4,31,0,0,51.3,50.2,-18.1682,2025
Bryant,AE,30,17,13,66.378,88.6568,97.2857,0.255762,46,44.7,23.4,24.5,33.8,31.1,26.4,22.4,46.7,29.7,66.9,42.3,33.1,NA,32.7,31.9,0,0,60.7,54.8,-10.6696,2025
Jacksonville,ASun,31,14,17,72.018,91.7203,100.666,0.255349,42,48.9,41.7,32.5,34.4,29.4,21.2,21,41.9,28.3,69.4,48,33.6,NA,23.6,37.4,0,0,41.3,52.8,-12.2715,2025
Cornell,Ivy,26,7,19,63.7799,84.304,92.5826,0.254031,42.6,44.7,22.9,23.1,27.4,30.6,24.2,20.2,44.3,24.9,72,43.8,30.8,NA,24.5,37.6,0,0,60.6,57.2,-14.815,2025
Nebraska Omaha,Sum,31,14,17,72.0352,89.9544,98.9224,0.251076,45.4,51.8,30.6,26.3,24.8,31.1,22.8,21.8,45.5,30,74.3,54.4,31.1,NA,27.1,32.5,0,0,47.6,53.7,-12.2357,2025
UMKC,Sum,32,12,20,69.012,91.2824,100.409,0.250505,42.7,51.1,29.1,38,33.3,28.1,22.7,21.8,42.1,29.6,65.7,51,34.1,NA,22.3,36.6,0,0,42.4,57.8,-16.3705,2025
Little Rock,OVC,30,14,16,66.5965,89.2426,98.1763,0.250269,42.2,49,34.2,33.2,29.3,32.3,21.2,25.1,43.2,25.7,68.6,49.1,32.5,NA,20.1,34.1,0,0,43.7,48.5,-12.0532,2025
Sam Houston St.,CUSA,27,12,15,71.4848,83.4912,91.9705,0.247433,39.2,49.6,38.3,29.8,34.5,35.8,27.7,31.4,39.8,24.5,66,51.4,29.6,NA,19.3,26.4,0,0,59.6,53.7,-11.6711,2025
Austin Peay,ASun,30,13,17,66.3552,84.9237,93.5985,0.24629,47,46.3,26.4,35.2,23.5,30.6,24.9,24.9,47.2,30.8,67.1,45.2,32.4,NA,27.9,32,0,0,47.8,51.4,-13.4128,2025
Manhattan,MAAC,28,14,14,67.5868,88.7811,98.0011,0.24301,46.9,42.6,24.2,22.6,32.1,31.8,25.4,22.3,47.8,30,73.6,41.1,30.2,NA,31.8,35.7,0,0,67,59.9,-12.0571,2025
Long Beach St.,BW,28,15,13,73.521,92.4483,102.382,0.236194,42,44.4,28.7,28.2,34.3,33.5,22.1,21.9,41.8,28.4,69.6,44.3,29.7,NA,31.2,35.1,0,0,54,60.7,-9.92665,2025
Alabama A&M,SWAC,29,20,9,68.5342,89.8442,99.5739,0.234609,43.7,45.8,45.9,30.7,33.6,38,22.9,29,43.6,29.1,67.4,47.1,28.6,NA,28.8,30.3,0,0,48.2,56.9,-6.74396,2025
South Dakota,Sum,31,11,20,67.4343,92.6196,102.98,0.228049,47.4,50.7,26.4,19.3,15,28.3,17.3,16.3,47.5,31.5,74.4,50.3,34.2,NA,45,37.2,0,0,45.5,52.6,-15.8183,2025
Stetson,ASun,30,16,14,71.0743,90.4274,100.604,0.226814,45.9,45.9,27.4,27.5,28.5,34.5,22.9,20.6,45.8,30.6,74.8,47.9,28.2,NA,33.2,36.1,0,0,53.8,52.1,-11.7829,2025
Texas St.,SB,30,13,17,68.8704,87.068,96.9641,0.224785,41.9,47.6,37.2,35.9,32.5,33.5,26.1,24.6,42.3,27.1,68.7,49.4,29.3,NA,28.6,33.1,0,0,52.5,49.4,-13.925,2025
Western Carolina,SC,30,13,17,69.3535,92.9149,103.634,0.221735,47.1,46.4,30.9,34,30.6,32.7,25,19.8,48.5,29.4,75.7,46.5,30.8,NA,31.4,33,0,0,55.3,52.2,-13.727,2025
FIU,CUSA,28,11,17,70.6024,88.7648,99.1498,0.21885,48.6,50.5,36.3,27.4,37.6,32.2,32.8,26.6,50.1,30,62.9,52,31.9,NA,29.1,36.7,0,0,51.6,59.6,-14.2499,2025
Marist,MAAC,29,16,13,65.9437,85.963,96.026,0.21873,44.9,42.9,25,25.9,26.3,28.3,23.9,21.5,44.8,30.1,74.2,42,29.7,NA,42.1,33.4,0,0,62.7,52.8,-10.7402,2025
Hofstra,CAA,28,13,15,66.4669,84.164,94.0392,0.218255,40.8,42.1,25.2,29.2,35.2,32.3,24.7,20.5,39.4,29.4,65.1,43.4,26.1,NA,31.2,31.5,0,0,47.8,55.6,-12.8799,2025
Texas A&M Corpus Chris,Slnd,31,15,16,68.901,83.5736,93.5854,0.213965,40.8,42.6,31,29.5,30.7,32.9,24.8,24.5,41.5,25.8,62.5,41.5,29.8,NA,25.4,34.9,0,0,54.7,59.3,-12.8878,2025
Elon,CAA,28,14,14,68.3705,82.7418,92.7414,0.212147,40.4,45,28.1,31.2,32.7,33.9,25.6,24.9,42.2,23.5,64.8,45.7,28.9,NA,26.2,30.8,0,0,51.4,56.5,-10.9776,2025
Western Michigan,MAC,28,12,16,64.403,87.9735,98.6066,0.212122,46.9,48.2,29.6,30.3,24.9,34.2,25.6,24.1,45.5,32.5,66.8,51.3,28.2,NA,44,34.9,0,0,58.9,51.9,-12.768,2025
Southern Miss,SB,31,10,21,67.4278,86.199700000000007,96.6745,0.211009,45.9,47.1,23.5,25.5,27.7,35.8,25.6,21.3,43.3,34.6,65.6,48.4,29.9,NA,30.8,34.8,0,0,57.1,57.4,-16.8587,2025
UTEP,CUSA,28,11,17,67.5763,90.1784,101.273,0.20844,45.2,47.5,25,25.6,30.2,32,25.6,20.9,44.4,31.5,72.1,50.8,28.4,NA,29.4,39.9,0,0,57.1,59.1,-13.4349,2025
Stony Brook,CAA,28,11,17,65.5868,89.2772,100.393,0.205951,41.2,45.1,29.7,22,31.3,31.4,22.2,18.8,42.1,26,69.9,47.3,26.9,NA,29.3,30.8,0,0,41.2,52.4,-14.1519,2025
Binghamton,AE,30,15,15,65.5595,90.0033,101.358,0.20322,45.8,47.2,28.8,21.7,31.7,34.4,24.6,24.4,46.2,30,71.5,47.2,31.4,NA,34.5,36.6,0,0,54,64.3,-13.0994,2025
Furman,SC,32,16,16,70.5313,89.7959,101.176,0.202258,44.3,47,31.9,32.4,34.8,29.1,24.7,23.2,45.5,27.8,68.2,44.5,34.7,NA,31.1,33.3,0,0,55.6,55.6,-13.4593,2025
Towson,CAA,28,9,19,68.9782,85.2457,96.1063,0.201163,42.4,44.4,26.6,25.4,33.7,31.5,25.7,21.8,42.3,28.5,67.8,44.8,29,NA,30.8,32.2,0,0,48.7,53.6,-14.8477,2025
Loyola Chicago,A10,30,13,17,66.3427,87.5716,98.7712,0.200366,43.6,48.5,25.6,31.8,30.5,37.3,26.1,25.9,42.9,29.8,70.9,49.4,31.2,NA,41.1,34.6,0,0,63.8,64.6,-13.3579,2025
Cal Poly,BW,29,13,16,67.5002,85.4862,96.4753,0.199293,43.5,46.1,23.1,29.4,28.6,31.2,27.7,24.4,41.2,32.1,75.8,50.5,25.7,NA,34,36.5,0,0,55.4,51.4,-11.9954,2025
Cal Baptist,WAC,29,12,17,70.9096,92.3787,104.342,0.19774,48.5,47.1,27.9,28.6,24.1,30.6,23,18,48.7,32.2,62.6,44.1,34.4,NA,45.6,39.9,0,0,62.9,57.6,-12.3896,2025
North Alabama,ASun,29,13,16,67.6619,91.8701,103.896,0.195495,47.1,47.3,23.4,27.3,30.4,29,22.5,17.2,45,34.4,75.5,47,32,NA,31.4,31.2,0,0,51.8,46,-13.6677,2025
NJIT,AE,30,11,19,70.6684,91.1384,103.267,0.19205,48.3,44.5,23,25.5,27,35.9,22.3,20.5,48.7,31.8,62.6,44.9,29.1,NA,39.9,28.6,0,0,50.7,50.7,-16.814,2025
Indiana St.,MVC,30,4,26,73.6341,90.4821,102.597,0.190771,42.3,49,30.6,26,31.4,33.2,23.2,19.7,40.4,31.6,69,50,31.5,NA,27.3,36.1,0,0,47.5,63.4,-20.5335,2025
San Diego,WCC,31,7,24,67.6627,87.9642,99.7721,0.190229,42.1,47.7,25.2,34.5,36.1,32.5,25.7,21.5,43.8,22.9,75.1,48.2,31,NA,18,28.4,0,0,54.6,56.8,-20.9048,2025
UMBC,AE,29,14,15,66.7908,85.9187,97.5076,0.189222,42.3,46.4,31,25.5,25.6,31.4,24.2,22.2,40.2,30.8,74.4,47.8,29,NA,34.9,31.4,0,0,51.8,49.9,-11.9447,2025
Milwaukee,Horz,32,8,24,67.1994,88.1825,100.269,0.185853,45.1,47.4,27.1,28.1,26.2,30.3,23.5,19,44.6,30.6,71.1,47,32,NA,39.9,35.2,0,0,59.9,57.3,-20.25,2025
Saint Peter's,MAAC,28,11,17,63.0013,86.7894,98.8313,0.183292,43.7,47.8,20.7,23.6,25.9,28.5,22.7,22.5,43.6,29.2,67,47.8,31.9,NA,46.6,42.9,0,0,68.4,57.2,-14.439,2025
Boston University,Pat,29,11,18,66.8334,90.8036,103.463,0.18228,46.3,47.9,30.5,21.7,26.8,33.2,25.2,21.2,45.1,32.7,69.4,48,31.9,NA,31.1,38,0,0,58.3,58.9,-14.6283,2025
Detroit Mercy,NA,30,15,15,71.699,86.5903,98.6709,0.182138,45.2,50.1,29.1,34.9,28,27.7,25,24.5,46.6,28.1,70.7,49.2,34.6,NA,32.6,32.7,0,0,43.5,53.9,-11.2549,2025
West Georgia,ASun,30,13,17,69.791,89.1776,101.718,0.18048,45.1,48,32.1,29.7,33.2,32.4,24.1,21.2,46.8,28,67.1,49.5,29.9,NA,35.7,31.5,0,0,53.8,49.6,-13.8756,2025
Utah St.,MWC,30,4,26,73.8185,91.5121,104.47,0.179026,43.8,51.7,24.4,27.3,27.4,36.7,22.6,22.8,44.1,28.9,69,50.2,36.5,NA,45.6,34.3,0,0,49.6,61.4,-20.6905,2025
UNC Wilmington,CAA,30,14,16,70.3959,89.0229,101.911,0.174377,44.4,47,25.7,17.8,26.6,31.2,23.4,20.6,43.5,31,73.1,47.5,30.4,NA,30.5,29.9,0,0,53.1,55.2,-12.9647,2025
IU Indy,NA,30,9,21,70.8701,88.8912,102.157,0.168039,46,48.4,33.6,28.9,25.2,32.5,24.2,21.3,44.7,32.2,73.3,48.9,31.5,NA,35.4,29.7,0,0,54.3,49.4,-17.8709,2025
San Jose St.,MWC,31,10,21,71.2139,90.3179,104.205,0.161812,44.3,48,29.5,38.3,32.4,27.9,24.7,18,43.3,30.7,69,46.8,33.7,NA,36.3,33.7,0,0,52.5,54.7,-17.0204,2025
William & Mary,CAA,28,11,17,70.295,85.7217,98.908,0.161724,42,46.1,22.5,30,28.7,32.5,23,22.9,43.6,25.9,70,46.2,30.6,NA,33.2,31.3,0,0,61.2,52.6,-13.9567,2025
Florida A&M,SWAC,28,9,19,69.3888,87.8938,101.426,0.161538,44.9,47,31.3,40.5,40.4,29.9,29,24.5,44,31.7,65.8,45.3,34,NA,24.8,29,0,0,44.8,44,-15.9707,2025
La Salle,A10,33,10,23,70.1908,83.0086,95.7905,0.161511,39.9,48.1,23.6,28.3,32,34.3,25.9,23.9,40.8,25.1,62.8,50.2,28.8,NA,30.2,30.7,0,0,54.5,61.4,-17.6242,2025
Loyola MD,Pat,29,9,20,64.7293,84.6536,98.018,0.15634,45.1,47.3,25.3,31.2,31.4,29.8,25.8,22.4,45.2,29.7,61.1,47.2,31.7,NA,28.9,36.7,0,0,52.3,60.6,-16.7848,2025
Merrimack,MAAC,29,13,16,70.3398,83.6015,96.8443,0.155645,43,46.3,27.1,26.3,33.2,30.1,27.3,25.2,43.2,28.4,71.9,47.8,28.9,NA,35.5,33.7,0,0,54.9,52.6,-13.553,2025
Radford,BSth,30,14,16,67.8758,88.1421,102.267,0.153249,46.1,45.9,26.6,27.6,27.2,32.4,26.4,22.7,43.9,33,67.6,45.2,31.3,NA,39.9,36.8,0,0,54.5,53.3,-12.6425,2025
Texas Southern,SWAC,28,14,14,73.0007,87.1434,101.443,0.148384,40.7,44,32.2,33.5,36.9,35.5,24.1,22,43.9,22.2,65.1,43.1,30.9,NA,30.2,28.3,0,0,47.7,47.9,-10.8434,2025
Akron,MAC,30,10,20,68.211,88.8398,103.58,0.146118,45,50.7,31.4,29.3,34,28.4,26.8,21.1,47,27.7,69.4,50.6,33.9,NA,36.6,39.8,0,0,47.2,50.9,-17.1263,2025
Grambling St.,SWAC,28,14,14,75.2596,83.5463,97.5493,0.144056,37.8,46.4,34.3,40.1,39.1,37.7,24.6,29.7,37.5,26.3,66.5,46.3,31.1,NA,19.8,27.2,0,0,47.1,56,-10.1646,2025
New Hampshire,AE,30,10,20,65.3464,81.738,96.2975,0.131801,39.4,48.9,24.9,22.7,31.5,26.4,25.5,23,39.9,25.6,73.6,48.1,33.6,NA,35.2,34.7,0,0,47.9,53.2,-17.4111,2025
Tennessee St.,OVC,31,10,21,72.3715,85.457,100.699,0.131536,42.3,47.9,32.5,37.5,31.9,36.3,23.6,25.3,44.2,25.7,61.7,47.7,32.1,NA,33.5,33.4,0,0,40.9,55.6,-18.0021,2025
Lafayette,Pat,29,9,20,64.9144,89.67,105.691,0.131201,45.4,50.6,17.7,19.5,22.2,32.3,21.9,18.7,42.7,33.8,76,47.7,36.9,NA,33.7,38.2,0,0,54,63.4,-15.9192,2025
New Orleans,Slnd,29,5,24,74.6057,84.5098,99.6787,0.130283,39,48.3,29.6,30.9,30.6,33.2,24.5,24,38.5,26.8,69.6,47.4,33.4,NA,28.3,33.2,0,0,53.7,56.6,-19.267,2025
Jackson St.,SWAC,28,15,13,68.9046,84.4439,99.7349,0.128541,41.6,43.4,33.5,34.1,30,34,25.9,22.2,39.5,31,72.1,44.4,27.2,NA,31,28.1,0,0,50.7,55.2,-9.53542,2025
Sacred Heart,MAAC,28,8,20,69.5547,83.4968,98.6238,0.128442,40.9,48.8,30.3,30.9,31,31,23.2,26.1,42.6,24.3,61.8,49.6,31.5,NA,27.9,32.7,0,0,49,61.8,-17.3554,2025
Youngstown St.,Horz,31,12,19,68.0854,83.3228,98.6505,0.125439,41.9,46.4,27.3,33.9,28.2,26.8,24.8,21.5,41.9,27.8,70.1,45.4,32.3,NA,36.7,32.5,0,0,59.5,56.1,-16.1624,2025
Wright St.,Horz,32,10,22,70.5225,87.8156,104.189,0.122807,43.4,49.4,28.6,29.1,27.4,30.1,22.2,21,42.6,29.9,72.7,49.2,33.3,NA,35.2,29.6,0,0,48.2,52.8,-19.2212,2025
Southern Utah,WAC,29,9,20,66.872,85.3848,101.396,0.121693,44.3,46.4,24.3,29.3,31,34.3,26.3,19.5,46.5,27.3,72.9,45.6,32,NA,38.7,32,0,0,65.1,52.5,-16.691,2025
Pepperdine,WCC,30,8,22,65.9755,83.2612,99.139,0.118447,43.4,44.7,26.7,21.2,23.3,36.5,22.9,19.2,42.2,30.2,69.4,44.3,30.2,NA,38.2,31.7,0,0,58.4,59,-18.4546,2025
Texas A&M Commerce,Slnd,29,7,22,69.6172,85.9892,102.421,0.118054,43.6,47.2,20.6,28.7,23.2,34,21.7,19.3,40.8,32.3,72,47.3,31.4,NA,36.7,29.7,0,0,58.2,53.6,-18.8142,2025
Queens,ASun,29,10,19,70.3925,85.9736,103.019,0.111057,41.1,50.7,31,43.2,33.6,30.1,23.2,24.4,41.5,26.7,67.4,49.9,34.7,NA,27.2,33.7,0,0,46.1,50.1,-16.3657,2025
Iona,MAAC,29,10,19,66.2181,85.0033,102.385,0.105311,42.8,47.2,16.8,27.8,28,34,23.3,24,41.5,30.1,73.1,46.5,32.6,NA,38,28.8,0,0,58.3,58,-16.9552,2025
South Alabama,SB,30,6,24,70.654,87.1248,104.942,0.105289,42.4,49.1,32.4,36.7,33.7,36.5,27.5,22.8,42.5,28,67.6,48.5,33.7,NA,31,29.8,0,0,47.8,46,-20.9303,2025
Dartmouth,Ivy,26,8,18,65.3373,83.1564,100.182,0.105071,40.7,47.3,21.1,20.3,28.1,36.7,24.2,21.3,41.3,26.3,61.6,48,30.4,NA,35,29.7,0,0,51.2,56.6,-13.8997,2025
Charleston Southern,BSth,30,14,16,68.7438,82.5149,99.4251,0.104903,41.9,44.8,23.1,23.4,32.5,34.6,27.1,21.5,43.5,26.2,68.8,45.1,29.6,NA,37.4,31.5,0,0,53.3,51.9,-12.1273,2025
Morehead St.,OVC,30,10,20,72.3975,85.7961,103.578,0.102837,42.7,49.7,29.8,32.2,31.1,32.2,24.2,22.3,42.9,28.1,67.6,47.2,37,NA,26.3,30.6,0,0,43.7,61.1,-17.8668,2025
SIU Edwardsville,OVC,29,6,23,69.9618,88.2791,106.619,0.102409,44.3,48.7,23.7,33.7,28.6,33.1,23.7,18.9,40.9,32.7,66.1,47.6,33.8,NA,42.3,33.8,0,0,57.6,57.3,-20.4947,2025
Gardner Webb,BSth,29,11,18,69.1206,91.4659,110.54,0.101725,43.6,48,28.1,23,29.6,34.8,21.3,20.4,43.2,29.4,77,46,34.4,NA,40.9,34.9,0,0,47.6,52.6,-15.976,2025
Oakland,Horz,31,9,22,68.1073,85.5279,103.423,0.10112,43,49.2,24.8,32.5,26,38.8,23.2,22.3,43,28.6,69,48.4,33.8,NA,30.3,36.3,0,0,52.1,63.2,-16.4952,2025
Evansville,MVC,30,7,23,72.9874,81.7322,99.031,0.0990497,42.2,48.8,33.7,27.9,25,32.4,26.8,20,39.6,31.1,76,50.4,30.5,NA,37,33.5,0,0,58.1,60.2,-18.5517,2025
Portland St.,BSky,27,4,23,63.8582,88.5317,107.782,0.0942649,42.5,47.4,24.7,27,30.6,40.1,24.9,20.2,43.5,27,73.5,47.8,31.2,NA,32.3,36.9,0,0,50.2,67.8,-20.4187,2025
Yale,Ivy,26,4,22,68.9957,84.5343,104.125,0.0834055,39.9,50.6,21.9,35.3,31.8,33.8,26.6,21.1,42.2,23,65.7,52.4,29.7,NA,30.3,23.5,0,0,48.5,47.9,-16.8067,2025
Winthrop,BSth,30,16,14,66.6446,81.911,101.128,0.081388,41.7,46.3,33.5,25.4,30.8,32.6,25.1,24.1,42.1,27,72.4,48.2,28.5,NA,25.2,35.6,0,0,46,52.5,-11.6111,2025
Canisius,MAAC,29,9,20,68.7097,80.047,98.9274,0.0805144,43.9,46.3,31.4,26.1,32.3,30.6,33.1,21.7,44.3,28.8,71.3,47,29.8,NA,33.9,31.6,0,0,53.3,54.6,-17.6083,2025
Alcorn St.,SWAC,28,11,17,67.2855,83.7717,103.654,0.0795035,40.7,48.8,34.8,46.8,29.1,37.5,24.9,26.6,41.9,24.8,66.5,46.8,35.4,NA,25.4,31.2,0,0,52,52.8,-13.0866,2025
Eastern Michigan,MAC,28,2,26,67.1276,89.1005,110.277,0.0792797,45.3,54.3,27.3,29.4,27.7,32.5,25.7,19.4,45.5,30.1,69.5,54.8,35.4,NA,45.6,30.7,0,0,51.4,54,-21.888,2025
Morgan St.,MEAC,29,13,16,68.8891,82.4568,102.073,0.0791293,38.8,46.7,37,39,37.7,38,26.8,26.5,39.9,23.7,62.4,46.7,31.1,NA,25.3,28.3,0,0,45.5,53.4,-13.4389,2025
Southeast Missouri St.,OVC,29,6,23,72.8267,82.1534,101.815,0.0781626,41.6,48.7,23.3,43.8,26.7,34.8,24.4,23.2,39.5,30.4,71,48.7,32.6,NA,34.7,33.1,0,0,52.1,55.4,-20.2762,2025
Ohio,MAC,28,6,22,70.5674,83.0081,102.952,0.0775405,43.2,50.7,28.8,25.4,19.8,37.7,25.8,22.8,44.5,27.9,69.2,50.8,33.8,NA,48.2,45.4,0,0,50.3,65.9,-18.9234,2025
McNeese St.,Slnd,31,10,21,72.4764,81.5696,101.259,0.076806,39.5,45.4,28.5,31.7,26.4,32.3,24.9,20,37.2,29.8,65.5,45.4,30.3,NA,30,33.1,0,0,49.3,56.7,-17.4088,2025
Bethune Cookman,SWAC,29,9,20,71.0505,78.7566,97.8525,0.0760946,38.8,44.1,35.7,34.9,35.3,33.6,28.3,24.9,38.2,27.1,63,45.4,27.6,NA,24.1,32.6,0,0,57.6,64,-17.9837,2025
Hampton,CAA,28,7,21,70.3163,80.5687,100.422,0.0735705,40.4,47.9,28.5,30.7,27.9,37.4,23.8,27.1,41.2,25.5,62.4,48.9,30.4,NA,28.5,28.8,0,0,54.2,58.1,-18.7524,2025
Stonehill,NEC,29,15,14,68.8733,88.6816,110.945,0.0707132,47.9,48.1,19.8,24.4,31,29.5,24.3,19.5,46.8,33.1,80.5,46.5,34.2,NA,37.5,33.8,0,0,68.4,52.4,-12.1536,2025
Cal St. Fullerton,BW,29,7,22,68.1595,83.3278,105.009,0.065405,39.1,46.3,31.6,31.3,26.4,34.3,21.7,23.6,38.5,27.5,69,46.6,30.5,NA,23.9,31.8,0,0,45.7,52.4,-20.0396,2025
North Carolina Central,MEAC,29,9,20,77.2942,79.3736,100.67,0.0610313,40.4,46.7,37.6,35.2,30.9,41.7,31,22.5,39.9,27.8,62.3,45.2,33.6,NA,29.4,29.1,0,0,45.6,52.9,-14.462,2025
Southern Illinois,MVC,28,4,24,69.4923,82.478,104.951,0.0589069,38.1,51.2,26.3,30.4,30.1,34.1,24.9,19.7,37.5,26.5,70,49.1,36.7,NA,27.1,34.8,0,0,48.9,61.9,-19.1859,2025
Mercer,SC,30,8,22,65.8612,80.6159,102.707,0.0581341,39.9,45.7,31,29.4,23,33.7,23.6,21.2,40.2,25.8,72.3,44.2,32.5,NA,19.4,32.4,0,0,51.6,54.5,-19.1246,2025
St. Bonaventure,A10,30,6,24,67.4934,80.6956,103.186,0.0558697,41.9,50.1,25.2,18.6,18.8,33.9,24.3,19.7,39.2,30.9,73.5,50.6,32.8,NA,37.8,33.7,0,0,48.8,48.3,-19.6398,2025
Utah Tech,WAC,28,5,23,72.7359,84.5865,108.517,0.0539105,43.3,52,32,26.4,24.3,34,25.3,21.8,40.8,30.5,69.2,50.2,36.5,NA,50,39.5,0,0,61.6,65.4,-19.9517,2025
Houston Christian,Slnd,29,6,23,67.1774,76.5437,98.2241,0.0537591,38.4,44.9,23,27.8,24.7,32.2,28.4,20.1,39.2,24.2,68.8,44,31.1,NA,26.7,32,0,0,51,56.5,-19.0853,2025
Rider,MAAC,28,7,21,70.2225,78.9126,101.674,0.0514454,42.9,45.9,31.1,30.9,27.2,33,28.3,24.3,44.5,25.5,69,45.9,30.5,NA,25.1,36.5,0,0,58.8,59.1,-19.2577,2025
Central Connecticut,NEC,29,11,18,68.0242,85.6336,111.144,0.0474895,43.9,47.6,27.4,25.4,29.2,32.1,22,20.2,42.1,32.1,71.6,46.4,33.3,NA,28.7,34.5,0,0,51.1,54.3,-15.4316,2025
North Florida,ASun,31,5,26,69.0917,82.9167,107.835,0.0464501,42.9,51.9,24.7,29.1,27,35.6,25.2,20.6,44.7,26.9,72.7,52.9,33.4,NA,41.8,34.6,0,0,45.4,54.7,-22.161,2025
Chicago St.,NEC,31,6,25,72.6503,79.8889,104.662,0.0428568,39.9,50.4,21.4,31.8,26.7,35.8,22,23.2,40.4,25.8,69.3,49.5,34.7,NA,29.7,37.7,0,0,51.1,61.2,-20.7029,2025
Mercyhurst,NEC,27,9,18,71.8496,81.5079,108.595,0.0355838,47,49,34.6,31.3,20.1,29,25.2,21.7,46.5,31.9,71.9,50.7,29.6,NA,39.6,27.6,0,0,48.6,46.9,-16.2754,2025
UMass Lowell,AE,28,3,25,67.0437,73.3369,98.0631,0.0341817,39,46.6,24.3,33.6,24.7,32.8,26.2,22.6,40.1,22.8,57,47.4,30.1,NA,18.5,34.7,0,0,49.8,55.1,-22.3638,2025
American,Pat,29,1,28,70.278,79.6771,106.76,0.0334096,40.4,48.2,26.9,25.7,25.7,34.1,25.3,17.5,40.7,26.5,63.8,49.6,30.6,NA,35.9,37.2,0,0,60.5,58.6,-25.7729,2025
USC Upstate,BSth,30,9,21,67.6845,76.0151,102.044,0.0327235,41,45.6,27.7,31.4,31.1,31,31.9,18.9,39.6,29.5,69.7,45.1,31,NA,30.5,38.6,0,0,56.4,55.4,-17.44,2025
Saint Francis,NA,29,11,18,66.6481,77.6878,104.467,0.0321074,45.1,46.2,24.2,26.1,27.1,31,27.8,19,43.1,32.9,66.4,45.6,31.6,NA,31.8,34.5,0,0,54.4,57.1,-15.6462,2025
Presbyterian,BSth,30,6,24,68.975,78.5334,105.725,0.031703,40.9,47,24.5,37.1,32.4,29.6,28.4,22,42.7,24.1,65.4,47.4,30.5,NA,27.5,24.9,0,0,46.7,48.7,-22.2128,2025
Northeastern,CAA,26,3,23,65.9007,78.7013,106.917,0.0286515,41,48.2,21.4,23,24.2,37.2,26.4,19.4,41.5,26.8,66.2,48.4,31.8,NA,36.2,34.2,0,0,51.3,57.6,-20.8623,2025
Seattle,WAC,28,3,25,71.7934,78.9496,107.385,0.0282626,42.6,52.9,24.9,27.2,27.3,34.4,29.3,23,42.9,28.1,68.2,52.3,35.9,NA,42.7,38,0,0,54.6,65,-21.9505,2025
Mississippi Valley St.,SWAC,28,6,22,72.7876,79.5132,108.851,0.0262965,39.2,47.7,28.5,37.9,31.1,41,25.2,24.2,40.5,24.5,68,46.5,33.7,NA,34.7,30.6,0,0,50.3,55.4,-19.9423,2025
Cal St. Bakersfield,BW,30,2,28,68.7354,74.0911,102.024,0.0246279,39.8,44.6,21.7,28.8,22.5,32.6,27.1,18.9,39.4,27,60.3,42.1,32.5,NA,36.2,36.7,0,0,49.3,49.3,-25.5675,2025
Prairie View A&M,SWAC,26,9,17,69.4019,77.7284,107.537,0.0233596,41.1,45.5,32.5,37.4,28.3,40.7,28,22.8,40.3,28.7,68.7,44.2,32.9,NA,29.1,26.3,0,0,53,55.3,-14.8712,2025
Niagara,MAAC,27,2,25,77.174,74.4795,103.673,0.0218111,38.1,54.8,27.4,36.5,28.3,41.7,30.6,30.7,37.3,26.6,67,54.1,37.6,NA,29.1,29.8,0,0,46.5,68,-22.0913,2025
Cal St. Northridge,BW,28,4,24,73.0457,77.0273,107.332,0.021555,39.2,49,27.1,24,27.9,31.8,27.9,20.2,37.4,27.8,66.7,47.2,34.4,NA,42.5,41.8,0,0,55.6,58.1,-21.925,2025
Le Moyne,NEC,29,6,23,66.2325,80.3154,112.133,0.0210869,41.5,51.3,29.2,18.8,26.2,32,26.3,18.7,37.6,31.5,76.1,50.7,34.8,NA,40,41.1,0,0,54.6,63.5,-19.5837,2025
UNC Asheville,BSth,31,4,27,69.7506,77.362,108.318,0.0204188,39.6,49.6,25.8,35.2,31.4,34.2,27,23.7,40.8,25,73.6,53.6,27.1,NA,36,30.8,0,0,51.5,54.5,-25.6033,2025
Arkansas Pine Bluff,SWAC,27,3,24,69.1629,74.2904,104.223,0.0199705,38.1,46.1,28.2,33.3,30.2,38.3,28.8,25.1,38.6,24.4,63.7,46,30.9,NA,25.1,34.4,0,0,52.3,62.1,-21.3965,2025
Wagner,NEC,28,8,20,67.9584,76.8344,107.828,0.0198951,40.7,49.4,30.6,28.4,29.2,34.2,26.5,23.4,40.5,27.3,72.4,49.1,33.3,NA,33.1,36.1,0,0,53.5,60.6,-18.45,2025
Alabama St.,SWAC,29,6,23,67.4113,74.1943,104.755,0.0185826,34.2,49.2,28.6,33.3,32.1,37.7,30.3,22.6,34.6,22.2,70.5,48.8,33.2,NA,30.2,35.5,0,0,49.6,61.6,-16.9708,2025
LIU,NA,29,6,23,66.9537,75.321,110.42,0.0121394,41.2,48.6,23.7,33.1,28.9,34.8,27,23.3,41.5,27,64.8,50.3,30.2,NA,34.4,33.8,0,0,46.9,60.9,-21.2241,2025
Delaware St.,MEAC,28,5,23,68.8091,74.6853,111.037,0.010347,35.9,49.2,32.1,28,28.1,40.8,28.7,21.5,36,23.8,73.9,49.3,32.6,NA,30.6,30.6,0,0,46.6,54.5,-20.4556,2025
South Carolina St.,MEAC,30,2,28,67.8089,71.7384,109.947,0.00731721,38.9,48.8,37.1,29.6,28.3,38,31.7,23.1,39.5,24.6,64.6,49.2,32,NA,22.2,36.2,0,0,37.6,55.6,-25.7492,2025
